,_index,_id,_score,_source.tags,_source.vcluster,_source.@version,_source.MessageId,_source.@timestamp,_source.data_stream.namespace,_source.data_stream.type,_source.data_stream.dataset,_source.TelemetrySource,_source.Metadata.Kafka.Topic,_source.Metadata.Kafka.ConsumerGroup,_source.Metadata.Kafka.Partition,_source.Metadata.Kafka.Timestamp,_source.Metadata.Kafka.Offset,_source.Metadata.Logstash.Timestamp,_source.Sensor.ParentalContext,_source.Sensor.Timestamp,_source.Sensor.LocationDetail.Cabinet,_source.Sensor.LocationDetail.Node,_source.Sensor.LocationDetail.Blade,_source.Sensor.LocationDetail.Bmc,_source.Sensor.LocationDetail.XName,_source.Sensor.LocationDetail.Chassie,_source.Sensor.Value,_source.Sensor.Index,_source.Sensor.Location,_source.Sensor.PhysicalSubContext,_source.Sensor.PhysicalContext,_source.nid
0,.ds-metrics-facility.telemetry-alps.voltage-2025.03.10-004433,UGPCgJUBX8z-mIiIYw7E,1.0,"['vcluster_from_cache', 'nid_from_cache']",daint,1,CrayTelemetry.Voltage,2025-03-10T13:56:23.347Z,alps.voltage,metrics,facility.telemetry,nC,cray-telemetry-voltage-split,logstash-facility-telemetry-alps,8,2025-03-10T14:16:12.123Z,123548511605,2025-03-10T15:52:17.845588478Z,Chassis,2025-03-10 13:56:23.347884516,x1304,n0,s4,b0,x1304c7s4b0n0,c7,47.19,0,x1304c7s4b0n0,Output,VoltageRegulator,6898
1,.ds-metrics-facility.telemetry-alps.voltage-2025.03.10-004433,UWPCgJUBX8z-mIiIYw7E,1.0,"['vcluster_from_cache', 'nid_from_cache']",daint,1,CrayTelemetry.Voltage,2025-03-10T13:56:23.635Z,alps.voltage,metrics,facility.telemetry,nC,cray-telemetry-voltage-split,logstash-facility-telemetry-alps,8,2025-03-10T14:16:12.123Z,123548511606,2025-03-10T15:52:17.845598458Z,Chassis,2025-03-10 13:56:23.635969970,x1304,n0,s4,b0,x1304c7s4b0n0,c7,380.2,0,x1304c7s4b0n0,Input,VoltageRegulator,6898
2,.ds-metrics-facility.telemetry-alps.voltage-2025.03.10-004433,UmPCgJUBX8z-mIiIYw7E,1.0,"['vcluster_from_cache', 'nid_from_cache']",daint,1,CrayTelemetry.Voltage,2025-03-10T13:56:24.029Z,alps.voltage,metrics,facility.telemetry,nC,cray-telemetry-voltage-split,logstash-facility-telemetry-alps,8,2025-03-10T14:16:12.123Z,123548511607,2025-03-10T15:52:17.845608488Z,Chassis,2025-03-10 13:56:24.029757586,x1304,n0,s4,b0,x1304c7s4b0n0,c7,47.125,6,x1304c7s4b0n0,Input,VoltageRegulator,6898
3,.ds-metrics-facility.telemetry-alps.voltage-2025.03.10-004433,U2PCgJUBX8z-mIiIYw7E,1.0,"['vcluster_from_cache', 'nid_from_cache']",daint,1,CrayTelemetry.Voltage,2025-03-10T13:56:24.112Z,alps.voltage,metrics,facility.telemetry,nC,cray-telemetry-voltage-split,logstash-facility-telemetry-alps,8,2025-03-10T14:16:12.123Z,123548511608,2025-03-10T15:52:17.845618398Z,Chassis,2025-03-10 13:56:24.112752241,x1304,n0,s4,b0,x1304c7s4b0n0,c7,11.828,6,x1304c7s4b0n0,Output,VoltageRegulator,6898
4,.ds-metrics-facility.telemetry-alps.voltage-2025.03.10-004433,VmPCgJUBX8z-mIiIYw7E,1.0,"['vcluster_from_cache', 'nid_from_cache']",daint,1,CrayTelemetry.Voltage,2025-03-10T13:56:24.802Z,alps.voltage,metrics,facility.telemetry,nC,cray-telemetry-voltage-split,logstash-facility-telemetry-alps,8,2025-03-10T14:16:12.123Z,123548511621,2025-03-10T15:52:17.845745029Z,Chassis,2025-03-10 13:56:24.802145575,x1304,n0,s4,b0,x1304c7s4b0n0,c7,381.4,0,x1304c7s4b0n0,Input,VoltageRegulator,6898
5,.ds-metrics-facility.telemetry-alps.voltage-2025.03.10-004433,V2PCgJUBX8z-mIiIYw7E,1.0,"['vcluster_from_cache', 'nid_from_cache']",daint,1,CrayTelemetry.Voltage,2025-03-10T13:56:25.231Z,alps.voltage,metrics,facility.telemetry,nC,cray-telemetry-voltage-split,logstash-facility-telemetry-alps,8,2025-03-10T14:16:12.123Z,123548511622,2025-03-10T15:52:17.845754479Z,Chassis,2025-03-10 13:56:25.231958992,x1304,n0,s4,b0,x1304c7s4b0n0,c7,47.062,6,x1304c7s4b0n0,Input,VoltageRegulator,6898
6,.ds-metrics-facility.telemetry-alps.voltage-2025.03.10-004433,WGPCgJUBX8z-mIiIYw7E,1.0,"['vcluster_from_cache', 'nid_from_cache']",daint,1,CrayTelemetry.Voltage,2025-03-10T13:56:25.303Z,alps.voltage,metrics,facility.telemetry,nC,cray-telemetry-voltage-split,logstash-facility-telemetry-alps,8,2025-03-10T14:16:12.123Z,123548511623,2025-03-10T15:52:17.845763779Z,Chassis,2025-03-10 13:56:25.303092080,x1304,n0,s4,b0,x1304c7s4b0n0,c7,11.773,6,x1304c7s4b0n0,Output,VoltageRegulator,6898
7,.ds-metrics-facility.telemetry-alps.voltage-2025.03.10-004433,ZGPCgJUBX8z-mIiIYw7E,1.0,"['vcluster_from_cache', 'nid_from_cache']",daint,1,CrayTelemetry.Voltage,2025-03-10T13:56:26.320Z,alps.voltage,metrics,facility.telemetry,nC,cray-telemetry-voltage-split,logstash-facility-telemetry-alps,8,2025-03-10T14:16:12.123Z,123548511651,2025-03-10T15:52:17.846041582Z,Chassis,2025-03-10 13:56:26.320135933,x1304,n0,s4,b0,x1304c7s4b0n0,c7,47.062,6,x1304c7s4b0n0,Input,VoltageRegulator,6898
8,.ds-metrics-facility.telemetry-alps.voltage-2025.03.10-004433,ZWPCgJUBX8z-mIiIYw7E,1.0,"['vcluster_from_cache', 'nid_from_cache']",daint,1,CrayTelemetry.Voltage,2025-03-10T13:56:26.405Z,alps.voltage,metrics,facility.telemetry,nC,cray-telemetry-voltage-split,logstash-facility-telemetry-alps,8,2025-03-10T14:16:12.123Z,123548511652,2025-03-10T15:52:17.846051102Z,Chassis,2025-03-10 13:56:26.405158487,x1304,n0,s4,b0,x1304c7s4b0n0,c7,11.754,6,x1304c7s4b0n0,Output,VoltageRegulator,6898
9,.ds-metrics-facility.telemetry-alps.voltage-2025.03.10-004433,ZmPCgJUBX8z-mIiIYw7E,1.0,"['vcluster_from_cache', 'nid_from_cache']",daint,1,CrayTelemetry.Voltage,2025-03-10T13:56:26.790Z,alps.voltage,metrics,facility.telemetry,nC,cray-telemetry-voltage-split,logstash-facility-telemetry-alps,8,2025-03-10T14:16:12.123Z,123548511653,2025-03-10T15:52:17.846060852Z,Chassis,2025-03-10 13:56:26.790855387,x1304,n0,s4,b0,x1304c7s4b0n0,c7,47.48,0,x1304c7s4b0n0,Output,VoltageRegulator,6898
10,.ds-metrics-facility.telemetry-alps.voltage-2025.03.10-004433,Z2PCgJUBX8z-mIiIYw7E,1.0,"['vcluster_from_cache', 'nid_from_cache']",daint,1,CrayTelemetry.Voltage,2025-03-10T13:56:27.059Z,alps.voltage,metrics,facility.telemetry,nC,cray-telemetry-voltage-split,logstash-facility-telemetry-alps,8,2025-03-10T14:16:12.123Z,123548511654,2025-03-10T15:52:17.846070372Z,Chassis,2025-03-10 13:56:27.059049834,x1304,n0,s4,b0,x1304c7s4b0n0,c7,381.4,0,x1304c7s4b0n0,Input,VoltageRegulator,6898
11,.ds-metrics-facility.telemetry-alps.voltage-2025.03.10-004433,aGPCgJUBX8z-mIiIYw7E,1.0,"['vcluster_from_cache', 'nid_from_cache']",daint,1,CrayTelemetry.Voltage,2025-03-10T13:56:27.433Z,alps.voltage,metrics,facility.telemetry,nC,cray-telemetry-voltage-split,logstash-facility-telemetry-alps,8,2025-03-10T14:16:12.123Z,123548511655,2025-03-10T15:52:17.846079812Z,Chassis,2025-03-10 13:56:27.433466817,x1304,n0,s4,b0,x1304c7s4b0n0,c7,47.188,6,x1304c7s4b0n0,Input,VoltageRegulator,6898
12,.ds-metrics-facility.telemetry-alps.voltage-2025.03.10-004433,aWPCgJUBX8z-mIiIYw7E,1.0,"['vcluster_from_cache', 'nid_from_cache']",daint,1,CrayTelemetry.Voltage,2025-03-10T13:56:27.501Z,alps.voltage,metrics,facility.telemetry,nC,cray-telemetry-voltage-split,logstash-facility-telemetry-alps,8,2025-03-10T14:16:12.123Z,123548511656,2025-03-10T15:52:17.846089502Z,Chassis,2025-03-10 13:56:27.501651092,x1304,n0,s4,b0,x1304c7s4b0n0,c7,11.746,6,x1304c7s4b0n0,Output,VoltageRegulator,6898
13,.ds-metrics-facility.telemetry-alps.voltage-2025.03.10-004433,VGPCgJUBX8z-mIiIYw7E,1.0,"['vcluster_from_cache', 'nid_from_cache']",daint,1,CrayTelemetry.Voltage,2025-03-10T13:56:24.110Z,alps.voltage,metrics,facility.telemetry,nC,cray-telemetry-voltage-split,logstash-facility-telemetry-alps,8,2025-03-10T14:16:12.123Z,123548511609,2025-03-10T15:52:17.845627828Z,Chassis,2025-03-10 13:56:24.110568430,x1304,n0,s4,b0,x1304c7s4b0n0,c7,47.411,4,x1304c7s4b0n0,Output,VoltageRegulator,6898
14,.ds-metrics-facility.telemetry-alps.voltage-2025.03.10-004433,VWPCgJUBX8z-mIiIYw7E,1.0,"['vcluster_from_cache', 'nid_from_cache']",daint,1,CrayTelemetry.Voltage,2025-03-10T13:56:24.487Z,alps.voltage,metrics,facility.telemetry,nC,cray-telemetry-voltage-split,logstash-facility-telemetry-alps,8,2025-03-10T14:16:12.123Z,123548511620,2025-03-10T15:52:17.845735389Z,Chassis,2025-03-10 13:56:24.487217302,x1304,n0,s4,b0,x1304c7s4b0n0,c7,47.48,0,x1304c7s4b0n0,Output,VoltageRegulator,6898
15,.ds-metrics-facility.telemetry-alps.voltage-2025.03.10-004433,WWPCgJUBX8z-mIiIYw7E,1.0,"['vcluster_from_cache', 'nid_from_cache']",daint,1,CrayTelemetry.Voltage,2025-03-10T13:56:24.356Z,alps.voltage,metrics,facility.telemetry,nC,cray-telemetry-voltage-split,logstash-facility-telemetry-alps,8,2025-03-10T14:16:12.123Z,123548511624,2025-03-10T15:52:17.845778170Z,Chassis,2025-03-10 13:56:24.356914369,x1304,n0,s4,b0,x1304c7s4b0n0,c7,47.325,5,x1304c7s4b0n0,Input,VoltageRegulator,6898
16,.ds-metrics-facility.telemetry-alps.voltage-2025.03.10-004433,WmPCgJUBX8z-mIiIYw7E,1.0,"['vcluster_from_cache', 'nid_from_cache']",daint,1,CrayTelemetry.Voltage,2025-03-10T13:56:24.367Z,alps.voltage,metrics,facility.telemetry,nC,cray-telemetry-voltage-split,logstash-facility-telemetry-alps,8,2025-03-10T14:16:12.123Z,123548511625,2025-03-10T15:52:17.845788420Z,Chassis,2025-03-10 13:56:24.367063382,x1304,n0,s4,b0,x1304c7s4b0n0,c7,47.39,5,x1304c7s4b0n0,Output,VoltageRegulator,6898
17,.ds-metrics-facility.telemetry-alps.voltage-2025.03.10-004433,W2PCgJUBX8z-mIiIYw7E,1.0,"['vcluster_from_cache', 'nid_from_cache']",daint,1,CrayTelemetry.Voltage,2025-03-10T13:56:24.499Z,alps.voltage,metrics,facility.telemetry,nC,cray-telemetry-voltage-split,logstash-facility-telemetry-alps,8,2025-03-10T14:16:12.123Z,123548511626,2025-03-10T15:52:17.845798570Z,Chassis,2025-03-10 13:56:24.499432212,x1304,n0,s4,b0,x1304c7s4b0n0,c7,47.411,1,x1304c7s4b0n0,Input,VoltageRegulator,6898
18,.ds-metrics-facility.telemetry-alps.voltage-2025.03.10-004433,XGPCgJUBX8z-mIiIYw7E,1.0,"['vcluster_from_cache', 'nid_from_cache']",daint,1,CrayTelemetry.Voltage,2025-03-10T13:56:24.687Z,alps.voltage,metrics,facility.telemetry,nC,cray-telemetry-voltage-split,logstash-facility-telemetry-alps,8,2025-03-10T14:16:12.123Z,123548511627,2025-03-10T15:52:17.845808460Z,Chassis,2025-03-10 13:56:24.687054763,x1304,n0,s4,b0,x1304c7s4b0n0,c7,47.132,1,x1304c7s4b0n0,Output,VoltageRegulator,6898
19,.ds-metrics-facility.telemetry-alps.voltage-2025.03.10-004433,XWPCgJUBX8z-mIiIYw7E,1.0,"['vcluster_from_cache', 'nid_from_cache']",daint,1,CrayTelemetry.Voltage,2025-03-10T13:56:24.813Z,alps.voltage,metrics,facility.telemetry,nC,cray-telemetry-voltage-split,logstash-facility-telemetry-alps,8,2025-03-10T14:16:12.123Z,123548511628,2025-03-10T15:52:17.845818040Z,Chassis,2025-03-10 13:56:24.813591964,x1304,n0,s4,b0,x1304c7s4b0n0,c7,46.982,2,x1304c7s4b0n0,Input,VoltageRegulator,6898
20,.ds-metrics-facility.telemetry-alps.voltage-2025.03.10-004433,XmPCgJUBX8z-mIiIYw7E,1.0,"['vcluster_from_cache', 'nid_from_cache']",daint,1,CrayTelemetry.Voltage,2025-03-10T13:56:24.820Z,alps.voltage,metrics,facility.telemetry,nC,cray-telemetry-voltage-split,logstash-facility-telemetry-alps,8,2025-03-10T14:16:12.123Z,123548511629,2025-03-10T15:52:17.845827620Z,Chassis,2025-03-10 13:56:24.820305549,x1304,n0,s4,b0,x1304c7s4b0n0,c7,46.982,2,x1304c7s4b0n0,Output,VoltageRegulator,6898
21,.ds-metrics-facility.telemetry-alps.voltage-2025.03.10-004433,X2PCgJUBX8z-mIiIYw7E,1.0,"['vcluster_from_cache', 'nid_from_cache']",daint,1,CrayTelemetry.Voltage,2025-03-10T13:56:25.090Z,alps.voltage,metrics,facility.telemetry,nC,cray-telemetry-voltage-split,logstash-facility-telemetry-alps,8,2025-03-10T14:16:12.123Z,123548511630,2025-03-10T15:52:17.845837270Z,Chassis,2025-03-10 13:56:25.090969153,x1304,n0,s4,b0,x1304c7s4b0n0,c7,47.067,3,x1304c7s4b0n0,Input,VoltageRegulator,6898
22,.ds-metrics-facility.telemetry-alps.voltage-2025.03.10-004433,YGPCgJUBX8z-mIiIYw7E,1.0,"['vcluster_from_cache', 'nid_from_cache']",daint,1,CrayTelemetry.Voltage,2025-03-10T13:56:25.097Z,alps.voltage,metrics,facility.telemetry,nC,cray-telemetry-voltage-split,logstash-facility-telemetry-alps,8,2025-03-10T14:16:12.123Z,123548511631,2025-03-10T15:52:17.845847080Z,Chassis,2025-03-10 13:56:25.097402831,x1304,n0,s4,b0,x1304c7s4b0n0,c7,47.089,3,x1304c7s4b0n0,Output,VoltageRegulator,6898
23,.ds-metrics-facility.telemetry-alps.voltage-2025.03.10-004433,YWPCgJUBX8z-mIiIYw7E,1.0,"['vcluster_from_cache', 'nid_from_cache']",daint,1,CrayTelemetry.Voltage,2025-03-10T13:56:25.251Z,alps.voltage,metrics,facility.telemetry,nC,cray-telemetry-voltage-split,logstash-facility-telemetry-alps,8,2025-03-10T14:16:12.123Z,123548511632,2025-03-10T15:52:17.845856780Z,Chassis,2025-03-10 13:56:25.251641609,x1304,n0,s4,b0,x1304c7s4b0n0,c7,47.132,4,x1304c7s4b0n0,Input,VoltageRegulator,6898
24,.ds-metrics-facility.telemetry-alps.voltage-2025.03.10-004433,YmPCgJUBX8z-mIiIYw7E,1.0,"['vcluster_from_cache', 'nid_from_cache']",daint,1,CrayTelemetry.Voltage,2025-03-10T13:56:25.688Z,alps.voltage,metrics,facility.telemetry,nC,cray-telemetry-voltage-split,logstash-facility-telemetry-alps,8,2025-03-10T14:16:12.123Z,123548511649,2025-03-10T15:52:17.846022112Z,Chassis,2025-03-10 13:56:25.688362201,x1304,n0,s4,b0,x1304c7s4b0n0,c7,47.41,0,x1304c7s4b0n0,Output,VoltageRegulator,6898
25,.ds-metrics-facility.telemetry-alps.voltage-2025.03.10-004433,Y2PCgJUBX8z-mIiIYw7E,1.0,"['vcluster_from_cache', 'nid_from_cache']",daint,1,CrayTelemetry.Voltage,2025-03-10T13:56:25.928Z,alps.voltage,metrics,facility.telemetry,nC,cray-telemetry-voltage-split,logstash-facility-telemetry-alps,8,2025-03-10T14:16:12.123Z,123548511650,2025-03-10T15:52:17.846032082Z,Chassis,2025-03-10 13:56:25.928231503,x1304,n0,s4,b0,x1304c7s4b0n0,c7,380.2,0,x1304c7s4b0n0,Input,VoltageRegulator,6898
26,.ds-metrics-facility.telemetry-alps.voltage-2025.03.10-004433,gOC6gJUBWebYrL4e8YaX,1.0,"['vcluster_from_cache', 'nid_from_cache']",daint,1,CrayTelemetry.Voltage,2025-03-10T13:55:12.590Z,alps.voltage,metrics,facility.telemetry,nC,cray-telemetry-voltage-split,logstash-facility-telemetry-alps,8,2025-03-10T14:14:14.580Z,123547675539,2025-03-10T15:44:22.513396248Z,Chassis,2025-03-10 13:55:12.590161108,x1304,n0,s4,b0,x1304c7s4b0n0,c7,47.48,0,x1304c7s4b0n0,Output,VoltageRegulator,6898
27,.ds-metrics-facility.telemetry-alps.voltage-2025.03.10-004433,geC6gJUBWebYrL4e8YaX,1.0,"['vcluster_from_cache', 'nid_from_cache']",daint,1,CrayTelemetry.Voltage,2025-03-10T13:55:12.808Z,alps.voltage,metrics,facility.telemetry,nC,cray-telemetry-voltage-split,logstash-facility-telemetry-alps,8,2025-03-10T14:14:14.580Z,123547675540,2025-03-10T15:44:22.513406609Z,Chassis,2025-03-10 13:55:12.808793230,x1304,n0,s4,b0,x1304c7s4b0n0,c7,379.1,0,x1304c7s4b0n0,Input,VoltageRegulator,6898
28,.ds-metrics-facility.telemetry-alps.voltage-2025.03.10-004433,guC6gJUBWebYrL4e8YaX,1.0,"['vcluster_from_cache', 'nid_from_cache']",daint,1,CrayTelemetry.Voltage,2025-03-10T13:55:13.217Z,alps.voltage,metrics,facility.telemetry,nC,cray-telemetry-voltage-split,logstash-facility-telemetry-alps,8,2025-03-10T14:14:14.580Z,123547675541,2025-03-10T15:44:22.513416539Z,Chassis,2025-03-10 13:55:13.217607855,x1304,n0,s4,b0,x1304c7s4b0n0,c7,47.188,6,x1304c7s4b0n0,Input,VoltageRegulator,6898
29,.ds-metrics-facility.telemetry-alps.voltage-2025.03.10-004433,g-C6gJUBWebYrL4e8YaX,1.0,"['vcluster_from_cache', 'nid_from_cache']",daint,1,CrayTelemetry.Voltage,2025-03-10T13:55:13.301Z,alps.voltage,metrics,facility.telemetry,nC,cray-telemetry-voltage-split,logstash-facility-telemetry-alps,8,2025-03-10T14:14:14.580Z,123547675542,2025-03-10T15:44:22.513426739Z,Chassis,2025-03-10 13:55:13.301654138,x1304,n0,s4,b0,x1304c7s4b0n0,c7,11.781,6,x1304c7s4b0n0,Output,VoltageRegulator,6898
30,.ds-metrics-facility.telemetry-alps.voltage-2025.03.10-004433,OCGhgJUBU3pbgRmDw5B-,1.0,"['vcluster_from_cache', 'nid_from_cache']",daint,1,CrayTelemetry.Voltage,2025-03-10T13:57:43.719Z,alps.voltage,metrics,facility.telemetry,nC,cray-telemetry-voltage-split,logstash-facility-telemetry-alps,3,2025-03-10T14:18:18.756Z,241931467700,2025-03-10T15:16:54.729639215Z,Chassis,2025-03-10 13:57:43.719842006,x1304,n0,s4,b0,x1304c7s4b0n0,c7,47.368,4,x1304c7s4b0n0,Output,VoltageRegulator,6898
31,.ds-metrics-facility.telemetry-alps.voltage-2025.03.10-004433,tiSigJUBU3pbgRmDmFh4,1.0,"['vcluster_from_cache', 'nid_from_cache']",daint,1,CrayTelemetry.Voltage,2025-03-10T13:57:50.033Z,alps.voltage,metrics,facility.telemetry,nC,cray-telemetry-voltage-split,logstash-facility-telemetry-alps,3,2025-03-10T14:18:37.046Z,241931598512,2025-03-10T15:17:31.407499238Z,Chassis,2025-03-10 13:57:50.033146425,x1304,n0,s4,b0,x1304c7s4b0n0,c7,47.26,0,x1304c7s4b0n0,Output,VoltageRegulator,6898
32,.ds-metrics-facility.telemetry-alps.voltage-2025.03.10-004433,tySigJUBU3pbgRmDmFh4,1.0,"['vcluster_from_cache', 'nid_from_cache']",daint,1,CrayTelemetry.Voltage,2025-03-10T13:57:50.228Z,alps.voltage,metrics,facility.telemetry,nC,cray-telemetry-voltage-split,logstash-facility-telemetry-alps,3,2025-03-10T14:18:37.046Z,241931598513,2025-03-10T15:17:31.407509818Z,Chassis,2025-03-10 13:57:50.228174926,x1304,n0,s4,b0,x1304c7s4b0n0,c7,383.1,0,x1304c7s4b0n0,Input,VoltageRegulator,6898
33,.ds-metrics-facility.telemetry-alps.voltage-2025.03.10-004433,uCSigJUBU3pbgRmDmFh4,1.0,"['vcluster_from_cache', 'nid_from_cache']",daint,1,CrayTelemetry.Voltage,2025-03-10T13:57:50.644Z,alps.voltage,metrics,facility.telemetry,nC,cray-telemetry-voltage-split,logstash-facility-telemetry-alps,3,2025-03-10T14:18:37.046Z,241931598514,2025-03-10T15:17:31.407520438Z,Chassis,2025-03-10 13:57:50.644616770,x1304,n0,s4,b0,x1304c7s4b0n0,c7,47.188,6,x1304c7s4b0n0,Input,VoltageRegulator,6898
34,.ds-metrics-facility.telemetry-alps.voltage-2025.03.10-004433,uSSigJUBU3pbgRmDmFh4,1.0,"['vcluster_from_cache', 'nid_from_cache']",daint,1,CrayTelemetry.Voltage,2025-03-10T13:57:50.747Z,alps.voltage,metrics,facility.telemetry,nC,cray-telemetry-voltage-split,logstash-facility-telemetry-alps,3,2025-03-10T14:18:37.046Z,241931598515,2025-03-10T15:17:31.407531298Z,Chassis,2025-03-10 13:57:50.747198208,x1304,n0,s4,b0,x1304c7s4b0n0,c7,11.789,6,x1304c7s4b0n0,Output,VoltageRegulator,6898
35,.ds-metrics-facility.telemetry-alps.voltage-2025.03.10-004433,uiSigJUBU3pbgRmDmFh4,1.0,"['vcluster_from_cache', 'nid_from_cache']",daint,1,CrayTelemetry.Voltage,2025-03-10T13:57:52.297Z,alps.voltage,metrics,facility.telemetry,nC,cray-telemetry-voltage-split,logstash-facility-telemetry-alps,3,2025-03-10T14:18:37.046Z,241931598516,2025-03-10T15:17:31.407541848Z,Chassis,2025-03-10 13:57:52.297686143,x1304,n0,s4,b0,x1304c7s4b0n0,c7,47.04,0,x1304c7s4b0n0,Output,VoltageRegulator,6898
36,.ds-metrics-facility.telemetry-alps.voltage-2025.03.10-004433,uySigJUBU3pbgRmDmFh4,1.0,"['vcluster_from_cache', 'nid_from_cache']",daint,1,CrayTelemetry.Voltage,2025-03-10T13:57:52.572Z,alps.voltage,metrics,facility.telemetry,nC,cray-telemetry-voltage-split,logstash-facility-telemetry-alps,3,2025-03-10T14:18:37.046Z,241931598517,2025-03-10T15:17:31.407552288Z,Chassis,2025-03-10 13:57:52.572809364,x1304,n0,s4,b0,x1304c7s4b0n0,c7,380.6,0,x1304c7s4b0n0,Input,VoltageRegulator,6898
37,.ds-metrics-facility.telemetry-alps.voltage-2025.03.10-004433,vCSigJUBU3pbgRmDmFh4,1.0,"['vcluster_from_cache', 'nid_from_cache']",daint,1,CrayTelemetry.Voltage,2025-03-10T13:57:52.883Z,alps.voltage,metrics,facility.telemetry,nC,cray-telemetry-voltage-split,logstash-facility-telemetry-alps,3,2025-03-10T14:18:37.046Z,241931598518,2025-03-10T15:17:31.407562808Z,Chassis,2025-03-10 13:57:52.883774236,x1304,n0,s4,b0,x1304c7s4b0n0,c7,47.312,6,x1304c7s4b0n0,Input,VoltageRegulator,6898
38,.ds-metrics-facility.telemetry-alps.voltage-2025.03.10-004433,vSSigJUBU3pbgRmDmFh4,1.0,"['vcluster_from_cache', 'nid_from_cache']",daint,1,CrayTelemetry.Voltage,2025-03-10T13:57:52.951Z,alps.voltage,metrics,facility.telemetry,nC,cray-telemetry-voltage-split,logstash-facility-telemetry-alps,3,2025-03-10T14:18:37.046Z,241931598519,2025-03-10T15:17:31.407573108Z,Chassis,2025-03-10 13:57:52.951197349,x1304,n0,s4,b0,x1304c7s4b0n0,c7,11.824,6,x1304c7s4b0n0,Output,VoltageRegulator,6898
39,.ds-metrics-facility.telemetry-alps.voltage-2025.03.10-004433,rhiqgJUB7v1e3PXq2CiR,1.0,"['vcluster_from_cache', 'nid_from_cache']",daint,1,CrayTelemetry.Voltage,2025-03-10T13:59:49.029Z,alps.voltage,metrics,facility.telemetry,nC,cray-telemetry-voltage-split,logstash-facility-telemetry-alps,3,2025-03-10T14:19:12.923Z,241931849955,2025-03-10T15:26:46.248663756Z,Chassis,2025-03-10 13:59:49.029242860,x1304,n0,s4,b0,x1304c7s4b0n0,c7,47.48,0,x1304c7s4b0n0,Output,VoltageRegulator,6898
40,.ds-metrics-facility.telemetry-alps.voltage-2025.03.10-004433,rxiqgJUB7v1e3PXq2CiR,1.0,"['vcluster_from_cache', 'nid_from_cache']",daint,1,CrayTelemetry.Voltage,2025-03-10T13:59:49.278Z,alps.voltage,metrics,facility.telemetry,nC,cray-telemetry-voltage-split,logstash-facility-telemetry-alps,3,2025-03-10T14:19:12.923Z,241931849956,2025-03-10T15:26:46.248674256Z,Chassis,2025-03-10 13:59:49.278469095,x1304,n0,s4,b0,x1304c7s4b0n0,c7,382.5,0,x1304c7s4b0n0,Input,VoltageRegulator,6898
41,.ds-metrics-facility.telemetry-alps.voltage-2025.03.10-004433,sBiqgJUB7v1e3PXq2CiR,1.0,"['vcluster_from_cache', 'nid_from_cache']",daint,1,CrayTelemetry.Voltage,2025-03-10T13:59:49.688Z,alps.voltage,metrics,facility.telemetry,nC,cray-telemetry-voltage-split,logstash-facility-telemetry-alps,3,2025-03-10T14:19:12.923Z,241931849957,2025-03-10T15:26:46.248684756Z,Chassis,2025-03-10 13:59:49.688435888,x1304,n0,s4,b0,x1304c7s4b0n0,c7,47.375,6,x1304c7s4b0n0,Input,VoltageRegulator,6898
42,.ds-metrics-facility.telemetry-alps.voltage-2025.03.10-004433,sRiqgJUB7v1e3PXq2CiR,1.0,"['vcluster_from_cache', 'nid_from_cache']",daint,1,CrayTelemetry.Voltage,2025-03-10T13:59:49.779Z,alps.voltage,metrics,facility.telemetry,nC,cray-telemetry-voltage-split,logstash-facility-telemetry-alps,3,2025-03-10T14:19:12.923Z,241931849958,2025-03-10T15:26:46.248695346Z,Chassis,2025-03-10 13:59:49.779396640,x1304,n0,s4,b0,x1304c7s4b0n0,c7,11.828,6,x1304c7s4b0n0,Output,VoltageRegulator,6898
43,.ds-metrics-facility.telemetry-alps.voltage-2025.03.10-004433,shiqgJUB7v1e3PXq2CiR,1.0,"['vcluster_from_cache', 'nid_from_cache']",daint,1,CrayTelemetry.Voltage,2025-03-10T13:59:48.894Z,alps.voltage,metrics,facility.telemetry,nC,cray-telemetry-voltage-split,logstash-facility-telemetry-alps,3,2025-03-10T14:19:12.923Z,241931849959,2025-03-10T15:26:46.248705626Z,Chassis,2025-03-10 13:59:48.894322936,x1304,n0,s4,b0,x1304c7s4b0n0,c7,47.304,5,x1304c7s4b0n0,Input,VoltageRegulator,6898
44,.ds-metrics-facility.telemetry-alps.voltage-2025.03.10-004433,sxiqgJUB7v1e3PXq2CiR,1.0,"['vcluster_from_cache', 'nid_from_cache']",daint,1,CrayTelemetry.Voltage,2025-03-10T13:59:48.904Z,alps.voltage,metrics,facility.telemetry,nC,cray-telemetry-voltage-split,logstash-facility-telemetry-alps,3,2025-03-10T14:19:12.923Z,241931849960,2025-03-10T15:26:46.248716056Z,Chassis,2025-03-10 13:59:48.904099569,x1304,n0,s4,b0,x1304c7s4b0n0,c7,47.368,5,x1304c7s4b0n0,Output,VoltageRegulator,6898
45,.ds-metrics-facility.telemetry-alps.voltage-2025.03.10-004433,tBiqgJUB7v1e3PXq2CiR,1.0,"['vcluster_from_cache', 'nid_from_cache']",daint,1,CrayTelemetry.Voltage,2025-03-10T13:59:49.047Z,alps.voltage,metrics,facility.telemetry,nC,cray-telemetry-voltage-split,logstash-facility-telemetry-alps,3,2025-03-10T14:19:12.923Z,241931849961,2025-03-10T15:26:46.248726216Z,Chassis,2025-03-10 13:59:49.047559948,x1304,n0,s4,b0,x1304c7s4b0n0,c7,47.433,1,x1304c7s4b0n0,Input,VoltageRegulator,6898
46,.ds-metrics-facility.telemetry-alps.voltage-2025.03.10-004433,tRiqgJUB7v1e3PXq2CiR,1.0,"['vcluster_from_cache', 'nid_from_cache']",daint,1,CrayTelemetry.Voltage,2025-03-10T13:59:49.153Z,alps.voltage,metrics,facility.telemetry,nC,cray-telemetry-voltage-split,logstash-facility-telemetry-alps,3,2025-03-10T14:19:12.923Z,241931849962,2025-03-10T15:26:46.248737196Z,Chassis,2025-03-10 13:59:49.153814659,x1304,n0,s4,b0,x1304c7s4b0n0,c7,47.347,1,x1304c7s4b0n0,Output,VoltageRegulator,6898
47,.ds-metrics-facility.telemetry-alps.voltage-2025.03.10-004433,thiqgJUB7v1e3PXq2CiR,1.0,"['vcluster_from_cache', 'nid_from_cache']",daint,1,CrayTelemetry.Voltage,2025-03-10T13:59:49.284Z,alps.voltage,metrics,facility.telemetry,nC,cray-telemetry-voltage-split,logstash-facility-telemetry-alps,3,2025-03-10T14:19:12.923Z,241931849963,2025-03-10T15:26:46.248747476Z,Chassis,2025-03-10 13:59:49.284708144,x1304,n0,s4,b0,x1304c7s4b0n0,c7,47.218,2,x1304c7s4b0n0,Input,VoltageRegulator,6898
48,.ds-metrics-facility.telemetry-alps.voltage-2025.03.10-004433,txiqgJUB7v1e3PXq2CiR,1.0,"['vcluster_from_cache', 'nid_from_cache']",daint,1,CrayTelemetry.Voltage,2025-03-10T13:59:49.292Z,alps.voltage,metrics,facility.telemetry,nC,cray-telemetry-voltage-split,logstash-facility-telemetry-alps,3,2025-03-10T14:19:12.923Z,241931849964,2025-03-10T15:26:46.248757746Z,Chassis,2025-03-10 13:59:49.292460158,x1304,n0,s4,b0,x1304c7s4b0n0,c7,47.261,2,x1304c7s4b0n0,Output,VoltageRegulator,6898
49,.ds-metrics-facility.telemetry-alps.voltage-2025.03.10-004433,uBiqgJUB7v1e3PXq2CiR,1.0,"['vcluster_from_cache', 'nid_from_cache']",daint,1,CrayTelemetry.Voltage,2025-03-10T13:59:49.608Z,alps.voltage,metrics,facility.telemetry,nC,cray-telemetry-voltage-split,logstash-facility-telemetry-alps,3,2025-03-10T14:19:12.923Z,241931849965,2025-03-10T15:26:46.248768495Z,Chassis,2025-03-10 13:59:49.608771773,x1304,n0,s4,b0,x1304c7s4b0n0,c7,47.325,3,x1304c7s4b0n0,Input,VoltageRegulator,6898
50,.ds-metrics-facility.telemetry-alps.voltage-2025.03.10-004433,uRiqgJUB7v1e3PXq2CiR,1.0,"['vcluster_from_cache', 'nid_from_cache']",daint,1,CrayTelemetry.Voltage,2025-03-10T13:59:49.616Z,alps.voltage,metrics,facility.telemetry,nC,cray-telemetry-voltage-split,logstash-facility-telemetry-alps,3,2025-03-10T14:19:12.923Z,241931849966,2025-03-10T15:26:46.248778735Z,Chassis,2025-03-10 13:59:49.616419393,x1304,n0,s4,b0,x1304c7s4b0n0,c7,47.347,3,x1304c7s4b0n0,Output,VoltageRegulator,6898
51,.ds-metrics-facility.telemetry-alps.voltage-2025.03.10-004433,uhiqgJUB7v1e3PXq2CiR,1.0,"['vcluster_from_cache', 'nid_from_cache']",daint,1,CrayTelemetry.Voltage,2025-03-10T13:59:49.703Z,alps.voltage,metrics,facility.telemetry,nC,cray-telemetry-voltage-split,logstash-facility-telemetry-alps,3,2025-03-10T14:19:12.923Z,241931849967,2025-03-10T15:26:46.248789435Z,Chassis,2025-03-10 13:59:49.703371465,x1304,n0,s4,b0,x1304c7s4b0n0,c7,47.368,4,x1304c7s4b0n0,Input,VoltageRegulator,6898
52,.ds-metrics-facility.telemetry-alps.voltage-2025.03.10-004433,QCN3gJUBtG21nMffcm9A,1.0,"['vcluster_from_cache', 'nid_from_cache']",daint,1,CrayTelemetry.Voltage,2025-03-10T13:55:10.605Z,alps.voltage,metrics,facility.telemetry,nC,cray-telemetry-voltage-split,logstash-facility-telemetry-alps,11,2025-03-10T14:14:06.234Z,123546018042,2025-03-10T14:30:34.095020658Z,Chassis,2025-03-10 13:55:10.605067917,x1304,n0,s4,b0,x1304c7s4b0n0,c7,380.8,0,x1304c7s4b0n0,Input,VoltageRegulator,6898
53,.ds-metrics-facility.telemetry-alps.voltage-2025.03.10-004433,QiN3gJUBtG21nMffcm9A,1.0,"['vcluster_from_cache', 'nid_from_cache']",daint,1,CrayTelemetry.Voltage,2025-03-10T13:55:11.047Z,alps.voltage,metrics,facility.telemetry,nC,cray-telemetry-voltage-split,logstash-facility-telemetry-alps,11,2025-03-10T14:14:06.234Z,123546018044,2025-03-10T14:30:34.095041078Z,Chassis,2025-03-10 13:55:11.047439746,x1304,n0,s4,b0,x1304c7s4b0n0,c7,11.828,6,x1304c7s4b0n0,Output,VoltageRegulator,6898
54,.ds-metrics-facility.telemetry-alps.voltage-2025.03.10-004433,QyN3gJUBtG21nMffcm9A,1.0,"['vcluster_from_cache', 'nid_from_cache']",daint,1,CrayTelemetry.Voltage,2025-03-10T13:55:11.478Z,alps.voltage,metrics,facility.telemetry,nC,cray-telemetry-voltage-split,logstash-facility-telemetry-alps,11,2025-03-10T14:14:06.234Z,123546018045,2025-03-10T14:30:34.095051188Z,Chassis,2025-03-10 13:55:11.478962037,x1304,n0,s4,b0,x1304c7s4b0n0,c7,47.26,0,x1304c7s4b0n0,Output,VoltageRegulator,6898
55,.ds-metrics-facility.telemetry-alps.voltage-2025.03.10-004433,RSN3gJUBtG21nMffcm9A,1.0,"['vcluster_from_cache', 'nid_from_cache']",daint,1,CrayTelemetry.Voltage,2025-03-10T13:55:12.090Z,alps.voltage,metrics,facility.telemetry,nC,cray-telemetry-voltage-split,logstash-facility-telemetry-alps,11,2025-03-10T14:14:06.234Z,123546018047,2025-03-10T14:30:34.095071667Z,Chassis,2025-03-10 13:55:12.090827003,x1304,n0,s4,b0,x1304c7s4b0n0,c7,47.125,6,x1304c7s4b0n0,Input,VoltageRegulator,6898
56,.ds-metrics-facility.telemetry-alps.voltage-2025.03.10-004433,PyN3gJUBtG21nMffcm9A,1.0,"['vcluster_from_cache', 'nid_from_cache']",daint,1,CrayTelemetry.Voltage,2025-03-10T13:55:10.365Z,alps.voltage,metrics,facility.telemetry,nC,cray-telemetry-voltage-split,logstash-facility-telemetry-alps,11,2025-03-10T14:14:06.234Z,123546018041,2025-03-10T14:30:34.095010458Z,Chassis,2025-03-10 13:55:10.365364847,x1304,n0,s4,b0,x1304c7s4b0n0,c7,47.26,0,x1304c7s4b0n0,Output,VoltageRegulator,6898
57,.ds-metrics-facility.telemetry-alps.voltage-2025.03.10-004433,PSN3gJUBtG21nMffcm9A,1.0,"['vcluster_from_cache', 'nid_from_cache']",daint,1,CrayTelemetry.Voltage,2025-03-10T13:55:09.870Z,alps.voltage,metrics,facility.telemetry,nC,cray-telemetry-voltage-split,logstash-facility-telemetry-alps,11,2025-03-10T14:14:06.234Z,123546018039,2025-03-10T14:30:34.094990368Z,Chassis,2025-03-10 13:55:09.870187894,x1304,n0,s4,b0,x1304c7s4b0n0,c7,47.0,6,x1304c7s4b0n0,Input,VoltageRegulator,6898
58,.ds-metrics-facility.telemetry-alps.voltage-2025.03.10-004433,PiN3gJUBtG21nMffcm9A,1.0,"['vcluster_from_cache', 'nid_from_cache']",daint,1,CrayTelemetry.Voltage,2025-03-10T13:55:09.948Z,alps.voltage,metrics,facility.telemetry,nC,cray-telemetry-voltage-split,logstash-facility-telemetry-alps,11,2025-03-10T14:14:06.234Z,123546018040,2025-03-10T14:30:34.095000718Z,Chassis,2025-03-10 13:55:09.948344791,x1304,n0,s4,b0,x1304c7s4b0n0,c7,11.734,6,x1304c7s4b0n0,Output,VoltageRegulator,6898
59,.ds-metrics-facility.telemetry-alps.voltage-2025.03.10-004433,RCN3gJUBtG21nMffcm9A,1.0,"['vcluster_from_cache', 'nid_from_cache']",daint,1,CrayTelemetry.Voltage,2025-03-10T13:55:11.741Z,alps.voltage,metrics,facility.telemetry,nC,cray-telemetry-voltage-split,logstash-facility-telemetry-alps,11,2025-03-10T14:14:06.234Z,123546018046,2025-03-10T14:30:34.095061278Z,Chassis,2025-03-10 13:55:11.741129266,x1304,n0,s4,b0,x1304c7s4b0n0,c7,380.8,0,x1304c7s4b0n0,Input,VoltageRegulator,6898
60,.ds-metrics-facility.telemetry-alps.voltage-2025.03.10-004433,RiN3gJUBtG21nMffcm9A,1.0,"['vcluster_from_cache', 'nid_from_cache']",daint,1,CrayTelemetry.Voltage,2025-03-10T13:55:12.182Z,alps.voltage,metrics,facility.telemetry,nC,cray-telemetry-voltage-split,logstash-facility-telemetry-alps,11,2025-03-10T14:14:06.234Z,123546018048,2025-03-10T14:30:34.095081847Z,Chassis,2025-03-10 13:55:12.182898725,x1304,n0,s4,b0,x1304c7s4b0n0,c7,11.762,6,x1304c7s4b0n0,Output,VoltageRegulator,6898
61,.ds-metrics-facility.telemetry-alps.voltage-2025.03.10-004433,QSN3gJUBtG21nMffcm9A,1.0,"['vcluster_from_cache', 'nid_from_cache']",daint,1,CrayTelemetry.Voltage,2025-03-10T13:55:10.967Z,alps.voltage,metrics,facility.telemetry,nC,cray-telemetry-voltage-split,logstash-facility-telemetry-alps,11,2025-03-10T14:14:06.234Z,123546018043,2025-03-10T14:30:34.095030778Z,Chassis,2025-03-10 13:55:10.967480219,x1304,n0,s4,b0,x1304c7s4b0n0,c7,47.375,6,x1304c7s4b0n0,Input,VoltageRegulator,6898
62,.ds-metrics-facility.telemetry-alps.voltage-2025.03.10-004433,_il4gJUBtG21nMff1NJD,1.0,"['vcluster_from_cache', 'nid_from_cache']",daint,1,CrayTelemetry.Voltage,2025-03-10T13:55:20.501Z,alps.voltage,metrics,facility.telemetry,nC,cray-telemetry-voltage-split,logstash-facility-telemetry-alps,11,2025-03-10T14:14:24.732Z,123546152527,2025-03-10T14:32:12.527917334Z,Chassis,2025-03-10 13:55:20.501703152,x1304,n0,s4,b0,x1304c7s4b0n0,c7,47.19,0,x1304c7s4b0n0,Output,VoltageRegulator,6898
63,.ds-metrics-facility.telemetry-alps.voltage-2025.03.10-004433,_yl4gJUBtG21nMff1NJD,1.0,"['vcluster_from_cache', 'nid_from_cache']",daint,1,CrayTelemetry.Voltage,2025-03-10T13:55:20.771Z,alps.voltage,metrics,facility.telemetry,nC,cray-telemetry-voltage-split,logstash-facility-telemetry-alps,11,2025-03-10T14:14:24.732Z,123546152528,2025-03-10T14:32:12.527927344Z,Chassis,2025-03-10 13:55:20.771618234,x1304,n0,s4,b0,x1304c7s4b0n0,c7,380.8,0,x1304c7s4b0n0,Input,VoltageRegulator,6898
64,.ds-metrics-facility.telemetry-alps.voltage-2025.03.10-004433,ACl4gJUBtG21nMff1NND,1.0,"['vcluster_from_cache', 'nid_from_cache']",daint,1,CrayTelemetry.Voltage,2025-03-10T13:55:21.108Z,alps.voltage,metrics,facility.telemetry,nC,cray-telemetry-voltage-split,logstash-facility-telemetry-alps,11,2025-03-10T14:14:24.732Z,123546152529,2025-03-10T14:32:12.527937204Z,Chassis,2025-03-10 13:55:21.108281342,x1304,n0,s4,b0,x1304c7s4b0n0,c7,46.0,6,x1304c7s4b0n0,Input,VoltageRegulator,6898
65,.ds-metrics-facility.telemetry-alps.voltage-2025.03.10-004433,ASl4gJUBtG21nMff1NND,1.0,"['vcluster_from_cache', 'nid_from_cache']",daint,1,CrayTelemetry.Voltage,2025-03-10T13:55:21.177Z,alps.voltage,metrics,facility.telemetry,nC,cray-telemetry-voltage-split,logstash-facility-telemetry-alps,11,2025-03-10T14:14:24.732Z,123546152530,2025-03-10T14:32:12.527947564Z,Chassis,2025-03-10 13:55:21.177514845,x1304,n0,s4,b0,x1304c7s4b0n0,c7,11.781,6,x1304c7s4b0n0,Output,VoltageRegulator,6898
66,.ds-metrics-facility.telemetry-alps.voltage-2025.03.10-004433,2st6gJUBRYuVujPlgbjY,1.0,"['vcluster_from_cache', 'nid_from_cache']",daint,1,CrayTelemetry.Voltage,2025-03-10T13:55:40.686Z,alps.voltage,metrics,facility.telemetry,nC,cray-telemetry-voltage-split,logstash-facility-telemetry-alps,11,2025-03-10T14:14:56.996Z,123546382888,2025-03-10T14:33:54.265732382Z,Chassis,2025-03-10 13:55:40.686669665,x1304,n0,s4,b0,x1304c7s4b0n0,c7,47.48,0,x1304c7s4b0n0,Output,VoltageRegulator,6898
67,.ds-metrics-facility.telemetry-alps.voltage-2025.03.10-004433,28t6gJUBRYuVujPlgbjY,1.0,"['vcluster_from_cache', 'nid_from_cache']",daint,1,CrayTelemetry.Voltage,2025-03-10T13:55:40.949Z,alps.voltage,metrics,facility.telemetry,nC,cray-telemetry-voltage-split,logstash-facility-telemetry-alps,11,2025-03-10T14:14:56.996Z,123546382889,2025-03-10T14:33:54.265742882Z,Chassis,2025-03-10 13:55:40.949332628,x1304,n0,s4,b0,x1304c7s4b0n0,c7,382.0,0,x1304c7s4b0n0,Input,VoltageRegulator,6898
68,.ds-metrics-facility.telemetry-alps.voltage-2025.03.10-004433,3Mt6gJUBRYuVujPlgbjY,1.0,"['vcluster_from_cache', 'nid_from_cache']",daint,1,CrayTelemetry.Voltage,2025-03-10T13:55:41.281Z,alps.voltage,metrics,facility.telemetry,nC,cray-telemetry-voltage-split,logstash-facility-telemetry-alps,11,2025-03-10T14:14:56.996Z,123546382890,2025-03-10T14:33:54.265752992Z,Chassis,2025-03-10 13:55:41.281226135,x1304,n0,s4,b0,x1304c7s4b0n0,c7,47.0,6,x1304c7s4b0n0,Input,VoltageRegulator,6898
69,.ds-metrics-facility.telemetry-alps.voltage-2025.03.10-004433,3ct6gJUBRYuVujPlgbjY,1.0,"['vcluster_from_cache', 'nid_from_cache']",daint,1,CrayTelemetry.Voltage,2025-03-10T13:55:41.360Z,alps.voltage,metrics,facility.telemetry,nC,cray-telemetry-voltage-split,logstash-facility-telemetry-alps,11,2025-03-10T14:14:56.996Z,123546382891,2025-03-10T14:33:54.265763122Z,Chassis,2025-03-10 13:55:41.360444499,x1304,n0,s4,b0,x1304c7s4b0n0,c7,11.77,6,x1304c7s4b0n0,Output,VoltageRegulator,6898
70,.ds-metrics-facility.telemetry-alps.voltage-2025.03.10-004433,3st6gJUBRYuVujPlgbjY,1.0,"['vcluster_from_cache', 'nid_from_cache']",daint,1,CrayTelemetry.Voltage,2025-03-10T13:55:41.772Z,alps.voltage,metrics,facility.telemetry,nC,cray-telemetry-voltage-split,logstash-facility-telemetry-alps,11,2025-03-10T14:14:56.996Z,123546382892,2025-03-10T14:33:54.265773302Z,Chassis,2025-03-10 13:55:41.772322971,x1304,n0,s4,b0,x1304c7s4b0n0,c7,46.45,0,x1304c7s4b0n0,Output,VoltageRegulator,6898
71,.ds-metrics-facility.telemetry-alps.voltage-2025.03.10-004433,38t6gJUBRYuVujPlgbjY,1.0,"['vcluster_from_cache', 'nid_from_cache']",daint,1,CrayTelemetry.Voltage,2025-03-10T13:55:42.043Z,alps.voltage,metrics,facility.telemetry,nC,cray-telemetry-voltage-split,logstash-facility-telemetry-alps,11,2025-03-10T14:14:56.996Z,123546382893,2025-03-10T14:33:54.265783412Z,Chassis,2025-03-10 13:55:42.043976606,x1304,n0,s4,b0,x1304c7s4b0n0,c7,379.6,0,x1304c7s4b0n0,Input,VoltageRegulator,6898
72,.ds-metrics-facility.telemetry-alps.voltage-2025.03.10-004433,4Mt6gJUBRYuVujPlgbjY,1.0,"['vcluster_from_cache', 'nid_from_cache']",daint,1,CrayTelemetry.Voltage,2025-03-10T13:55:42.375Z,alps.voltage,metrics,facility.telemetry,nC,cray-telemetry-voltage-split,logstash-facility-telemetry-alps,11,2025-03-10T14:14:56.996Z,123546382894,2025-03-10T14:33:54.265793452Z,Chassis,2025-03-10 13:55:42.375488371,x1304,n0,s4,b0,x1304c7s4b0n0,c7,47.125,6,x1304c7s4b0n0,Input,VoltageRegulator,6898
73,.ds-metrics-facility.telemetry-alps.voltage-2025.03.10-004433,4ct6gJUBRYuVujPlgbjY,1.0,"['vcluster_from_cache', 'nid_from_cache']",daint,1,CrayTelemetry.Voltage,2025-03-10T13:55:42.446Z,alps.voltage,metrics,facility.telemetry,nC,cray-telemetry-voltage-split,logstash-facility-telemetry-alps,11,2025-03-10T14:14:56.996Z,123546382895,2025-03-10T14:33:54.265803862Z,Chassis,2025-03-10 13:55:42.446701615,x1304,n0,s4,b0,x1304c7s4b0n0,c7,11.762,6,x1304c7s4b0n0,Output,VoltageRegulator,6898
74,.ds-metrics-facility.telemetry-alps.voltage-2025.03.10-004433,4sx7gJUBRYuVujPlnNNj,1.0,"['vcluster_from_cache', 'nid_from_cache']",daint,1,CrayTelemetry.Voltage,2025-03-10T13:55:47.517Z,alps.voltage,metrics,facility.telemetry,nC,cray-telemetry-voltage-split,logstash-facility-telemetry-alps,11,2025-03-10T14:15:05.473Z,123546440597,2025-03-10T14:35:13.346546010Z,Chassis,2025-03-10 13:55:47.517966214,x1304,n0,s4,b0,x1304c7s4b0n0,c7,375.0,0,x1304c7s4b0n0,Input,VoltageRegulator,6898
75,.ds-metrics-facility.telemetry-alps.voltage-2025.03.10-004433,48x7gJUBRYuVujPlnNNj,1.0,"['vcluster_from_cache', 'nid_from_cache']",daint,1,CrayTelemetry.Voltage,2025-03-10T13:55:47.945Z,alps.voltage,metrics,facility.telemetry,nC,cray-telemetry-voltage-split,logstash-facility-telemetry-alps,11,2025-03-10T14:15:05.473Z,123546440598,2025-03-10T14:35:13.346556080Z,Chassis,2025-03-10 13:55:47.945724053,x1304,n0,s4,b0,x1304c7s4b0n0,c7,46.875,6,x1304c7s4b0n0,Input,VoltageRegulator,6898
76,.ds-metrics-facility.telemetry-alps.voltage-2025.03.10-004433,5Mx7gJUBRYuVujPlnNNj,1.0,"['vcluster_from_cache', 'nid_from_cache']",daint,1,CrayTelemetry.Voltage,2025-03-10T13:55:48.049Z,alps.voltage,metrics,facility.telemetry,nC,cray-telemetry-voltage-split,logstash-facility-telemetry-alps,11,2025-03-10T14:15:05.473Z,123546440599,2025-03-10T14:35:13.346566040Z,Chassis,2025-03-10 13:55:48.049652463,x1304,n0,s4,b0,x1304c7s4b0n0,c7,11.789,6,x1304c7s4b0n0,Output,VoltageRegulator,6898
77,.ds-metrics-facility.telemetry-alps.voltage-2025.03.10-004433,4cx7gJUBRYuVujPlnNNj,1.0,"['vcluster_from_cache', 'nid_from_cache']",daint,1,CrayTelemetry.Voltage,2025-03-10T13:55:47.297Z,alps.voltage,metrics,facility.telemetry,nC,cray-telemetry-voltage-split,logstash-facility-telemetry-alps,11,2025-03-10T14:15:05.473Z,123546440596,2025-03-10T14:35:13.346535820Z,Chassis,2025-03-10 13:55:47.297588979,x1304,n0,s4,b0,x1304c7s4b0n0,c7,47.48,0,x1304c7s4b0n0,Output,VoltageRegulator,6898
78,.ds-metrics-facility.telemetry-alps.voltage-2025.03.10-004433,RoN7gJUBCC4GkwJU37wl,1.0,"['vcluster_from_cache', 'nid_from_cache']",daint,1,CrayTelemetry.Voltage,2025-03-10T13:55:48.481Z,alps.voltage,metrics,facility.telemetry,nC,cray-telemetry-voltage-split,logstash-facility-telemetry-alps,11,2025-03-10T14:15:14.297Z,123546504463,2025-03-10T14:35:20.915112775Z,Chassis,2025-03-10 13:55:48.481072200,x1304,n0,s4,b0,x1304c7s4b0n0,c7,47.19,0,x1304c7s4b0n0,Output,VoltageRegulator,6898
79,.ds-metrics-facility.telemetry-alps.voltage-2025.03.10-004433,R4N7gJUBCC4GkwJU37wl,1.0,"['vcluster_from_cache', 'nid_from_cache']",daint,1,CrayTelemetry.Voltage,2025-03-10T13:55:48.741Z,alps.voltage,metrics,facility.telemetry,nC,cray-telemetry-voltage-split,logstash-facility-telemetry-alps,11,2025-03-10T14:15:14.297Z,123546504464,2025-03-10T14:35:20.915123485Z,Chassis,2025-03-10 13:55:48.741469196,x1304,n0,s4,b0,x1304c7s4b0n0,c7,382.0,0,x1304c7s4b0n0,Input,VoltageRegulator,6898
80,.ds-metrics-facility.telemetry-alps.voltage-2025.03.10-004433,SIN7gJUBCC4GkwJU37wl,1.0,"['vcluster_from_cache', 'nid_from_cache']",daint,1,CrayTelemetry.Voltage,2025-03-10T13:55:49.110Z,alps.voltage,metrics,facility.telemetry,nC,cray-telemetry-voltage-split,logstash-facility-telemetry-alps,11,2025-03-10T14:15:14.297Z,123546504465,2025-03-10T14:35:20.915133665Z,Chassis,2025-03-10 13:55:49.110144466,x1304,n0,s4,b0,x1304c7s4b0n0,c7,47.375,6,x1304c7s4b0n0,Input,VoltageRegulator,6898
81,.ds-metrics-facility.telemetry-alps.voltage-2025.03.10-004433,SYN7gJUBCC4GkwJU37wl,1.0,"['vcluster_from_cache', 'nid_from_cache']",daint,1,CrayTelemetry.Voltage,2025-03-10T13:55:49.219Z,alps.voltage,metrics,facility.telemetry,nC,cray-telemetry-voltage-split,logstash-facility-telemetry-alps,11,2025-03-10T14:15:14.297Z,123546504466,2025-03-10T14:35:20.915144205Z,Chassis,2025-03-10 13:55:49.219563482,x1304,n0,s4,b0,x1304c7s4b0n0,c7,11.828,6,x1304c7s4b0n0,Output,VoltageRegulator,6898
82,.ds-metrics-facility.telemetry-alps.voltage-2025.03.10-004433,DKx_gJUBBO-jcq8Ri8bJ,1.0,"['vcluster_from_cache', 'nid_from_cache']",daint,1,CrayTelemetry.Voltage,2025-03-10T13:55:13.700Z,alps.voltage,metrics,facility.telemetry,nC,cray-telemetry-voltage-split,logstash-facility-telemetry-alps,3,2025-03-10T14:14:14.580Z,241929706751,2025-03-10T14:39:26.691095450Z,Chassis,2025-03-10 13:55:13.700158558,x1304,n0,s4,b0,x1304c7s4b0n0,c7,47.19,0,x1304c7s4b0n0,Output,VoltageRegulator,6898
83,.ds-metrics-facility.telemetry-alps.voltage-2025.03.10-004433,Dax_gJUBBO-jcq8Ri8bJ,1.0,"['vcluster_from_cache', 'nid_from_cache']",daint,1,CrayTelemetry.Voltage,2025-03-10T13:55:13.907Z,alps.voltage,metrics,facility.telemetry,nC,cray-telemetry-voltage-split,logstash-facility-telemetry-alps,3,2025-03-10T14:14:14.580Z,241929706752,2025-03-10T14:39:26.691105910Z,Chassis,2025-03-10 13:55:13.907129583,x1304,n0,s4,b0,x1304c7s4b0n0,c7,383.1,0,x1304c7s4b0n0,Input,VoltageRegulator,6898
84,.ds-metrics-facility.telemetry-alps.voltage-2025.03.10-004433,Dqx_gJUBBO-jcq8Ri8bJ,1.0,"['vcluster_from_cache', 'nid_from_cache']",daint,1,CrayTelemetry.Voltage,2025-03-10T13:55:14.348Z,alps.voltage,metrics,facility.telemetry,nC,cray-telemetry-voltage-split,logstash-facility-telemetry-alps,3,2025-03-10T14:14:14.580Z,241929706753,2025-03-10T14:39:26.691116680Z,Chassis,2025-03-10 13:55:14.348862804,x1304,n0,s4,b0,x1304c7s4b0n0,c7,47.375,6,x1304c7s4b0n0,Input,VoltageRegulator,6898
85,.ds-metrics-facility.telemetry-alps.voltage-2025.03.10-004433,D6x_gJUBBO-jcq8Ri8bJ,1.0,"['vcluster_from_cache', 'nid_from_cache']",daint,1,CrayTelemetry.Voltage,2025-03-10T13:55:14.444Z,alps.voltage,metrics,facility.telemetry,nC,cray-telemetry-voltage-split,logstash-facility-telemetry-alps,3,2025-03-10T14:14:14.580Z,241929706754,2025-03-10T14:39:26.691126940Z,Chassis,2025-03-10 13:55:14.444246201,x1304,n0,s4,b0,x1304c7s4b0n0,c7,11.836,6,x1304c7s4b0n0,Output,VoltageRegulator,6898
86,.ds-metrics-facility.telemetry-alps.voltage-2025.03.10-004433,FKx_gJUBBO-jcq8Ri8bJ,1.0,"['vcluster_from_cache', 'nid_from_cache']",daint,1,CrayTelemetry.Voltage,2025-03-10T13:55:14.879Z,alps.voltage,metrics,facility.telemetry,nC,cray-telemetry-voltage-split,logstash-facility-telemetry-alps,3,2025-03-10T14:14:14.580Z,241929706759,2025-03-10T14:39:26.691180109Z,Chassis,2025-03-10 13:55:14.879476227,x1304,n0,s4,b0,x1304c7s4b0n0,c7,47.19,0,x1304c7s4b0n0,Output,VoltageRegulator,6898
87,.ds-metrics-facility.telemetry-alps.voltage-2025.03.10-004433,Fax_gJUBBO-jcq8Ri8bJ,1.0,"['vcluster_from_cache', 'nid_from_cache']",daint,1,CrayTelemetry.Voltage,2025-03-10T13:55:15.126Z,alps.voltage,metrics,facility.telemetry,nC,cray-telemetry-voltage-split,logstash-facility-telemetry-alps,3,2025-03-10T14:14:14.580Z,241929706760,2025-03-10T14:39:26.691190339Z,Chassis,2025-03-10 13:55:15.126280863,x1304,n0,s4,b0,x1304c7s4b0n0,c7,380.3,0,x1304c7s4b0n0,Input,VoltageRegulator,6898
88,.ds-metrics-facility.telemetry-alps.voltage-2025.03.10-004433,Fqx_gJUBBO-jcq8Ri8bJ,1.0,"['vcluster_from_cache', 'nid_from_cache']",daint,1,CrayTelemetry.Voltage,2025-03-10T13:55:15.497Z,alps.voltage,metrics,facility.telemetry,nC,cray-telemetry-voltage-split,logstash-facility-telemetry-alps,3,2025-03-10T14:14:14.580Z,241929706761,2025-03-10T14:39:26.691201059Z,Chassis,2025-03-10 13:55:15.497698715,x1304,n0,s4,b0,x1304c7s4b0n0,c7,47.125,6,x1304c7s4b0n0,Input,VoltageRegulator,6898
89,.ds-metrics-facility.telemetry-alps.voltage-2025.03.10-004433,F6x_gJUBBO-jcq8Ri8bJ,1.0,"['vcluster_from_cache', 'nid_from_cache']",daint,1,CrayTelemetry.Voltage,2025-03-10T13:55:15.624Z,alps.voltage,metrics,facility.telemetry,nC,cray-telemetry-voltage-split,logstash-facility-telemetry-alps,3,2025-03-10T14:14:14.580Z,241929706762,2025-03-10T14:39:26.691211509Z,Chassis,2025-03-10 13:55:15.624369670,x1304,n0,s4,b0,x1304c7s4b0n0,c7,11.746,6,x1304c7s4b0n0,Output,VoltageRegulator,6898
90,.ds-metrics-facility.telemetry-alps.voltage-2025.03.10-004433,rPeCgJUB7v1e3PXqD5Zs,1.0,"['vcluster_from_cache', 'nid_from_cache']",daint,1,CrayTelemetry.Voltage,2025-03-10T13:55:30.552Z,alps.voltage,metrics,facility.telemetry,nC,cray-telemetry-voltage-split,logstash-facility-telemetry-alps,3,2025-03-10T14:14:39.229Z,241929890543,2025-03-10T14:42:02.885559122Z,Chassis,2025-03-10 13:55:30.552365017,x1304,n0,s4,b0,x1304c7s4b0n0,c7,47.26,0,x1304c7s4b0n0,Output,VoltageRegulator,6898
91,.ds-metrics-facility.telemetry-alps.voltage-2025.03.10-004433,rfeCgJUB7v1e3PXqD5Zs,1.0,"['vcluster_from_cache', 'nid_from_cache']",daint,1,CrayTelemetry.Voltage,2025-03-10T13:55:30.821Z,alps.voltage,metrics,facility.telemetry,nC,cray-telemetry-voltage-split,logstash-facility-telemetry-alps,3,2025-03-10T14:14:39.229Z,241929890544,2025-03-10T14:42:02.885570331Z,Chassis,2025-03-10 13:55:30.821197352,x1304,n0,s4,b0,x1304c7s4b0n0,c7,379.6,0,x1304c7s4b0n0,Input,VoltageRegulator,6898
92,.ds-metrics-facility.telemetry-alps.voltage-2025.03.10-004433,rveCgJUB7v1e3PXqD5Zs,1.0,"['vcluster_from_cache', 'nid_from_cache']",daint,1,CrayTelemetry.Voltage,2025-03-10T13:55:31.200Z,alps.voltage,metrics,facility.telemetry,nC,cray-telemetry-voltage-split,logstash-facility-telemetry-alps,3,2025-03-10T14:14:39.229Z,241929890545,2025-03-10T14:42:02.885581241Z,Chassis,2025-03-10 13:55:31.200999506,x1304,n0,s4,b0,x1304c7s4b0n0,c7,47.375,6,x1304c7s4b0n0,Input,VoltageRegulator,6898
93,.ds-metrics-facility.telemetry-alps.voltage-2025.03.10-004433,r_eCgJUB7v1e3PXqD5Zs,1.0,"['vcluster_from_cache', 'nid_from_cache']",daint,1,CrayTelemetry.Voltage,2025-03-10T13:55:31.331Z,alps.voltage,metrics,facility.telemetry,nC,cray-telemetry-voltage-split,logstash-facility-telemetry-alps,3,2025-03-10T14:14:39.229Z,241929890546,2025-03-10T14:42:02.885591931Z,Chassis,2025-03-10 13:55:31.331975766,x1304,n0,s4,b0,x1304c7s4b0n0,c7,11.789,6,x1304c7s4b0n0,Output,VoltageRegulator,6898
94,.ds-metrics-facility.telemetry-alps.voltage-2025.03.10-004433,XCyEgJUBL2TeOHMAQfDa,1.0,"['vcluster_from_cache', 'nid_from_cache']",daint,1,CrayTelemetry.Voltage,2025-03-10T13:55:33.407Z,alps.voltage,metrics,facility.telemetry,nC,cray-telemetry-voltage-split,logstash-facility-telemetry-alps,3,2025-03-10T14:14:47.840Z,241929951596,2025-03-10T14:44:39.714579401Z,Chassis,2025-03-10 13:55:33.407995296,x1304,n0,s4,b0,x1304c7s4b0n0,c7,47.125,6,x1304c7s4b0n0,Input,VoltageRegulator,6898
95,.ds-metrics-facility.telemetry-alps.voltage-2025.03.10-004433,XSyEgJUBL2TeOHMAQfDa,1.0,"['vcluster_from_cache', 'nid_from_cache']",daint,1,CrayTelemetry.Voltage,2025-03-10T13:55:33.516Z,alps.voltage,metrics,facility.telemetry,nC,cray-telemetry-voltage-split,logstash-facility-telemetry-alps,3,2025-03-10T14:14:47.840Z,241929951597,2025-03-10T14:44:39.714589741Z,Chassis,2025-03-10 13:55:33.516125577,x1304,n0,s4,b0,x1304c7s4b0n0,c7,11.754,6,x1304c7s4b0n0,Output,VoltageRegulator,6898
96,.ds-metrics-facility.telemetry-alps.voltage-2025.03.10-004433,YCyEgJUBL2TeOHMAQfDa,1.0,"['vcluster_from_cache', 'nid_from_cache']",daint,1,CrayTelemetry.Voltage,2025-03-10T13:55:34.499Z,alps.voltage,metrics,facility.telemetry,nC,cray-telemetry-voltage-split,logstash-facility-telemetry-alps,3,2025-03-10T14:14:47.840Z,241929951819,2025-03-10T14:44:39.718281330Z,Chassis,2025-03-10 13:55:34.499478232,x1304,n0,s4,b0,x1304c7s4b0n0,c7,47.188,6,x1304c7s4b0n0,Input,VoltageRegulator,6898
97,.ds-metrics-facility.telemetry-alps.voltage-2025.03.10-004433,YiyEgJUBL2TeOHMAQfDa,1.0,"['vcluster_from_cache', 'nid_from_cache']",daint,1,CrayTelemetry.Voltage,2025-03-10T13:55:34.951Z,alps.voltage,metrics,facility.telemetry,nC,cray-telemetry-voltage-split,logstash-facility-telemetry-alps,3,2025-03-10T14:14:47.840Z,241929951821,2025-03-10T14:44:39.718301460Z,Chassis,2025-03-10 13:55:34.951189915,x1304,n0,s4,b0,x1304c7s4b0n0,c7,47.26,0,x1304c7s4b0n0,Output,VoltageRegulator,6898
98,.ds-metrics-facility.telemetry-alps.voltage-2025.03.10-004433,YyyEgJUBL2TeOHMAQfDa,1.0,"['vcluster_from_cache', 'nid_from_cache']",daint,1,CrayTelemetry.Voltage,2025-03-10T13:55:35.166Z,alps.voltage,metrics,facility.telemetry,nC,cray-telemetry-voltage-split,logstash-facility-telemetry-alps,3,2025-03-10T14:14:47.840Z,241929951822,2025-03-10T14:44:39.718311570Z,Chassis,2025-03-10 13:55:35.166431006,x1304,n0,s4,b0,x1304c7s4b0n0,c7,382.5,0,x1304c7s4b0n0,Input,VoltageRegulator,6898
99,.ds-metrics-facility.telemetry-alps.voltage-2025.03.10-004433,ZyyEgJUBL2TeOHMAQfDa,1.0,"['vcluster_from_cache', 'nid_from_cache']",daint,1,CrayTelemetry.Voltage,2025-03-10T13:55:36.302Z,alps.voltage,metrics,facility.telemetry,nC,cray-telemetry-voltage-split,logstash-facility-telemetry-alps,3,2025-03-10T14:14:47.840Z,241929951826,2025-03-10T14:44:39.718354480Z,Chassis,2025-03-10 13:55:36.302798740,x1304,n0,s4,b0,x1304c7s4b0n0,c7,382.5,0,x1304c7s4b0n0,Input,VoltageRegulator,6898
100,.ds-metrics-facility.telemetry-alps.voltage-2025.03.10-004433,bCyEgJUBL2TeOHMAQfDa,1.0,"['vcluster_from_cache', 'nid_from_cache']",daint,1,CrayTelemetry.Voltage,2025-03-10T13:55:37.844Z,alps.voltage,metrics,facility.telemetry,nC,cray-telemetry-voltage-split,logstash-facility-telemetry-alps,3,2025-03-10T14:14:47.840Z,241929951831,2025-03-10T14:44:39.718407689Z,Chassis,2025-03-10 13:55:37.844641666,x1304,n0,s4,b0,x1304c7s4b0n0,c7,47.375,6,x1304c7s4b0n0,Input,VoltageRegulator,6898
101,.ds-metrics-facility.telemetry-alps.voltage-2025.03.10-004433,bSyEgJUBL2TeOHMAQfDa,1.0,"['vcluster_from_cache', 'nid_from_cache']",daint,1,CrayTelemetry.Voltage,2025-03-10T13:55:37.948Z,alps.voltage,metrics,facility.telemetry,nC,cray-telemetry-voltage-split,logstash-facility-telemetry-alps,3,2025-03-10T14:14:47.840Z,241929951832,2025-03-10T14:44:39.718418449Z,Chassis,2025-03-10 13:55:37.948062661,x1304,n0,s4,b0,x1304c7s4b0n0,c7,11.828,6,x1304c7s4b0n0,Output,VoltageRegulator,6898
102,.ds-metrics-facility.telemetry-alps.voltage-2025.03.10-004433,WyyEgJUBL2TeOHMAQfDa,1.0,"['vcluster_from_cache', 'nid_from_cache']",daint,1,CrayTelemetry.Voltage,2025-03-10T13:55:33.019Z,alps.voltage,metrics,facility.telemetry,nC,cray-telemetry-voltage-split,logstash-facility-telemetry-alps,3,2025-03-10T14:14:47.840Z,241929951595,2025-03-10T14:44:39.714568801Z,Chassis,2025-03-10 13:55:33.019551174,x1304,n0,s4,b0,x1304c7s4b0n0,c7,380.8,0,x1304c7s4b0n0,Input,VoltageRegulator,6898
103,.ds-metrics-facility.telemetry-alps.voltage-2025.03.10-004433,XiyEgJUBL2TeOHMAQfDa,1.0,"['vcluster_from_cache', 'nid_from_cache']",daint,1,CrayTelemetry.Voltage,2025-03-10T13:55:33.876Z,alps.voltage,metrics,facility.telemetry,nC,cray-telemetry-voltage-split,logstash-facility-telemetry-alps,3,2025-03-10T14:14:47.840Z,241929951817,2025-03-10T14:44:39.718260970Z,Chassis,2025-03-10 13:55:33.876575417,x1304,n0,s4,b0,x1304c7s4b0n0,c7,47.48,0,x1304c7s4b0n0,Output,VoltageRegulator,6898
104,.ds-metrics-facility.telemetry-alps.voltage-2025.03.10-004433,XyyEgJUBL2TeOHMAQfDa,1.0,"['vcluster_from_cache', 'nid_from_cache']",daint,1,CrayTelemetry.Voltage,2025-03-10T13:55:34.122Z,alps.voltage,metrics,facility.telemetry,nC,cray-telemetry-voltage-split,logstash-facility-telemetry-alps,3,2025-03-10T14:14:47.840Z,241929951818,2025-03-10T14:44:39.718271060Z,Chassis,2025-03-10 13:55:34.122509376,x1304,n0,s4,b0,x1304c7s4b0n0,c7,382.0,0,x1304c7s4b0n0,Input,VoltageRegulator,6898
105,.ds-metrics-facility.telemetry-alps.voltage-2025.03.10-004433,ZCyEgJUBL2TeOHMAQfDa,1.0,"['vcluster_from_cache', 'nid_from_cache']",daint,1,CrayTelemetry.Voltage,2025-03-10T13:55:35.583Z,alps.voltage,metrics,facility.telemetry,nC,cray-telemetry-voltage-split,logstash-facility-telemetry-alps,3,2025-03-10T14:14:47.840Z,241929951823,2025-03-10T14:44:39.718322050Z,Chassis,2025-03-10 13:55:35.583834483,x1304,n0,s4,b0,x1304c7s4b0n0,c7,47.0,6,x1304c7s4b0n0,Input,VoltageRegulator,6898
106,.ds-metrics-facility.telemetry-alps.voltage-2025.03.10-004433,ZSyEgJUBL2TeOHMAQfDa,1.0,"['vcluster_from_cache', 'nid_from_cache']",daint,1,CrayTelemetry.Voltage,2025-03-10T13:55:35.650Z,alps.voltage,metrics,facility.telemetry,nC,cray-telemetry-voltage-split,logstash-facility-telemetry-alps,3,2025-03-10T14:14:47.840Z,241929951824,2025-03-10T14:44:39.718332660Z,Chassis,2025-03-10 13:55:35.650304523,x1304,n0,s4,b0,x1304c7s4b0n0,c7,11.828,6,x1304c7s4b0n0,Output,VoltageRegulator,6898
107,.ds-metrics-facility.telemetry-alps.voltage-2025.03.10-004433,ZiyEgJUBL2TeOHMAQfDa,1.0,"['vcluster_from_cache', 'nid_from_cache']",daint,1,CrayTelemetry.Voltage,2025-03-10T13:55:36.070Z,alps.voltage,metrics,facility.telemetry,nC,cray-telemetry-voltage-split,logstash-facility-telemetry-alps,3,2025-03-10T14:14:47.840Z,241929951825,2025-03-10T14:44:39.718343760Z,Chassis,2025-03-10 13:55:36.070999995,x1304,n0,s4,b0,x1304c7s4b0n0,c7,47.48,0,x1304c7s4b0n0,Output,VoltageRegulator,6898
108,.ds-metrics-facility.telemetry-alps.voltage-2025.03.10-004433,aSyEgJUBL2TeOHMAQfDa,1.0,"['vcluster_from_cache', 'nid_from_cache']",daint,1,CrayTelemetry.Voltage,2025-03-10T13:55:36.774Z,alps.voltage,metrics,facility.telemetry,nC,cray-telemetry-voltage-split,logstash-facility-telemetry-alps,3,2025-03-10T14:14:47.840Z,241929951828,2025-03-10T14:44:39.718375819Z,Chassis,2025-03-10 13:55:36.774231118,x1304,n0,s4,b0,x1304c7s4b0n0,c7,11.773,6,x1304c7s4b0n0,Output,VoltageRegulator,6898
109,.ds-metrics-facility.telemetry-alps.voltage-2025.03.10-004433,aiyEgJUBL2TeOHMAQfDa,1.0,"['vcluster_from_cache', 'nid_from_cache']",daint,1,CrayTelemetry.Voltage,2025-03-10T13:55:37.171Z,alps.voltage,metrics,facility.telemetry,nC,cray-telemetry-voltage-split,logstash-facility-telemetry-alps,3,2025-03-10T14:14:47.840Z,241929951829,2025-03-10T14:44:39.718386659Z,Chassis,2025-03-10 13:55:37.171692950,x1304,n0,s4,b0,x1304c7s4b0n0,c7,47.26,0,x1304c7s4b0n0,Output,VoltageRegulator,6898
110,.ds-metrics-facility.telemetry-alps.voltage-2025.03.10-004433,WiyEgJUBL2TeOHMAQfDa,1.0,"['vcluster_from_cache', 'nid_from_cache']",daint,1,CrayTelemetry.Voltage,2025-03-10T13:55:32.771Z,alps.voltage,metrics,facility.telemetry,nC,cray-telemetry-voltage-split,logstash-facility-telemetry-alps,3,2025-03-10T14:14:47.840Z,241929951594,2025-03-10T14:44:39.714558141Z,Chassis,2025-03-10 13:55:32.771349168,x1304,n0,s4,b0,x1304c7s4b0n0,c7,47.26,0,x1304c7s4b0n0,Output,VoltageRegulator,6898
111,.ds-metrics-facility.telemetry-alps.voltage-2025.03.10-004433,YSyEgJUBL2TeOHMAQfDa,1.0,"['vcluster_from_cache', 'nid_from_cache']",daint,1,CrayTelemetry.Voltage,2025-03-10T13:55:34.568Z,alps.voltage,metrics,facility.telemetry,nC,cray-telemetry-voltage-split,logstash-facility-telemetry-alps,3,2025-03-10T14:14:47.840Z,241929951820,2025-03-10T14:44:39.718291450Z,Chassis,2025-03-10 13:55:34.568921084,x1304,n0,s4,b0,x1304c7s4b0n0,c7,11.781,6,x1304c7s4b0n0,Output,VoltageRegulator,6898
112,.ds-metrics-facility.telemetry-alps.voltage-2025.03.10-004433,aCyEgJUBL2TeOHMAQfDa,1.0,"['vcluster_from_cache', 'nid_from_cache']",daint,1,CrayTelemetry.Voltage,2025-03-10T13:55:36.705Z,alps.voltage,metrics,facility.telemetry,nC,cray-telemetry-voltage-split,logstash-facility-telemetry-alps,3,2025-03-10T14:14:47.840Z,241929951827,2025-03-10T14:44:39.718365100Z,Chassis,2025-03-10 13:55:36.705277842,x1304,n0,s4,b0,x1304c7s4b0n0,c7,47.125,6,x1304c7s4b0n0,Input,VoltageRegulator,6898
113,.ds-metrics-facility.telemetry-alps.voltage-2025.03.10-004433,ayyEgJUBL2TeOHMAQfDa,1.0,"['vcluster_from_cache', 'nid_from_cache']",daint,1,CrayTelemetry.Voltage,2025-03-10T13:55:37.439Z,alps.voltage,metrics,facility.telemetry,nC,cray-telemetry-voltage-split,logstash-facility-telemetry-alps,3,2025-03-10T14:14:47.840Z,241929951830,2025-03-10T14:44:39.718397059Z,Chassis,2025-03-10 13:55:37.439004162,x1304,n0,s4,b0,x1304c7s4b0n0,c7,380.8,0,x1304c7s4b0n0,Input,VoltageRegulator,6898
114,.ds-metrics-facility.telemetry-alps.voltage-2025.03.10-004433,BUCEgJUBtG21nMff3QmS,1.0,"['vcluster_from_cache', 'nid_from_cache']",daint,1,CrayTelemetry.Voltage,2025-03-10T13:57:03.286Z,alps.voltage,metrics,facility.telemetry,nC,cray-telemetry-voltage-split,logstash-facility-telemetry-alps,11,2025-03-10T14:17:20.779Z,123547403322,2025-03-10T14:45:22.459058627Z,Chassis,2025-03-10 13:57:03.286275582,x1304,n0,s4,b0,x1304c7s4b0n0,c7,47.26,0,x1304c7s4b0n0,Output,VoltageRegulator,6898
115,.ds-metrics-facility.telemetry-alps.voltage-2025.03.10-004433,B0CEgJUBtG21nMff3QmS,1.0,"['vcluster_from_cache', 'nid_from_cache']",daint,1,CrayTelemetry.Voltage,2025-03-10T13:57:03.891Z,alps.voltage,metrics,facility.telemetry,nC,cray-telemetry-voltage-split,logstash-facility-telemetry-alps,11,2025-03-10T14:17:20.779Z,123547403324,2025-03-10T14:45:22.459078847Z,Chassis,2025-03-10 13:57:03.891793824,x1304,n0,s4,b0,x1304c7s4b0n0,c7,47.125,6,x1304c7s4b0n0,Input,VoltageRegulator,6898
116,.ds-metrics-facility.telemetry-alps.voltage-2025.03.10-004433,CUCEgJUBtG21nMff3QmS,1.0,"['vcluster_from_cache', 'nid_from_cache']",daint,1,CrayTelemetry.Voltage,2025-03-10T13:57:04.395Z,alps.voltage,metrics,facility.telemetry,nC,cray-telemetry-voltage-split,logstash-facility-telemetry-alps,11,2025-03-10T14:17:20.779Z,123547403326,2025-03-10T14:45:22.459099157Z,Chassis,2025-03-10 13:57:04.395059013,x1304,n0,s4,b0,x1304c7s4b0n0,c7,47.26,0,x1304c7s4b0n0,Output,VoltageRegulator,6898
117,.ds-metrics-facility.telemetry-alps.voltage-2025.03.10-004433,DUCEgJUBtG21nMff3QmS,1.0,"['vcluster_from_cache', 'nid_from_cache']",daint,1,CrayTelemetry.Voltage,2025-03-10T13:57:05.492Z,alps.voltage,metrics,facility.telemetry,nC,cray-telemetry-voltage-split,logstash-facility-telemetry-alps,11,2025-03-10T14:17:20.779Z,123547403330,2025-03-10T14:45:22.459139077Z,Chassis,2025-03-10 13:57:05.492369818,x1304,n0,s4,b0,x1304c7s4b0n0,c7,47.26,0,x1304c7s4b0n0,Output,VoltageRegulator,6898
118,.ds-metrics-facility.telemetry-alps.voltage-2025.03.10-004433,EUCEgJUBtG21nMff3QmS,1.0,"['vcluster_from_cache', 'nid_from_cache']",daint,1,CrayTelemetry.Voltage,2025-03-10T13:57:06.606Z,alps.voltage,metrics,facility.telemetry,nC,cray-telemetry-voltage-split,logstash-facility-telemetry-alps,11,2025-03-10T14:17:20.779Z,123547403334,2025-03-10T14:45:22.459179167Z,Chassis,2025-03-10 13:57:06.606001167,x1304,n0,s4,b0,x1304c7s4b0n0,c7,47.19,0,x1304c7s4b0n0,Output,VoltageRegulator,6898
119,.ds-metrics-facility.telemetry-alps.voltage-2025.03.10-004433,FECEgJUBtG21nMff3QmS,1.0,"['vcluster_from_cache', 'nid_from_cache']",daint,1,CrayTelemetry.Voltage,2025-03-10T13:57:07.279Z,alps.voltage,metrics,facility.telemetry,nC,cray-telemetry-voltage-split,logstash-facility-telemetry-alps,11,2025-03-10T14:17:20.779Z,123547403337,2025-03-10T14:45:22.459209687Z,Chassis,2025-03-10 13:57:07.279059797,x1304,n0,s4,b0,x1304c7s4b0n0,c7,11.77,6,x1304c7s4b0n0,Output,VoltageRegulator,6898
120,.ds-metrics-facility.telemetry-alps.voltage-2025.03.10-004433,GECEgJUBtG21nMff3QmS,1.0,"['vcluster_from_cache', 'nid_from_cache']",daint,1,CrayTelemetry.Voltage,2025-03-10T13:57:08.411Z,alps.voltage,metrics,facility.telemetry,nC,cray-telemetry-voltage-split,logstash-facility-telemetry-alps,11,2025-03-10T14:17:20.779Z,123547403341,2025-03-10T14:45:22.459250507Z,Chassis,2025-03-10 13:57:08.411962504,x1304,n0,s4,b0,x1304c7s4b0n0,c7,11.77,6,x1304c7s4b0n0,Output,VoltageRegulator,6898
121,.ds-metrics-facility.telemetry-alps.voltage-2025.03.10-004433,BkCEgJUBtG21nMff3QmS,1.0,"['vcluster_from_cache', 'nid_from_cache']",daint,1,CrayTelemetry.Voltage,2025-03-10T13:57:03.510Z,alps.voltage,metrics,facility.telemetry,nC,cray-telemetry-voltage-split,logstash-facility-telemetry-alps,11,2025-03-10T14:17:20.779Z,123547403323,2025-03-10T14:45:22.459068797Z,Chassis,2025-03-10 13:57:03.510780051,x1304,n0,s4,b0,x1304c7s4b0n0,c7,381.3,0,x1304c7s4b0n0,Input,VoltageRegulator,6898
122,.ds-metrics-facility.telemetry-alps.voltage-2025.03.10-004433,CECEgJUBtG21nMff3QmS,1.0,"['vcluster_from_cache', 'nid_from_cache']",daint,1,CrayTelemetry.Voltage,2025-03-10T13:57:03.969Z,alps.voltage,metrics,facility.telemetry,nC,cray-telemetry-voltage-split,logstash-facility-telemetry-alps,11,2025-03-10T14:17:20.779Z,123547403325,2025-03-10T14:45:22.459088947Z,Chassis,2025-03-10 13:57:03.969050846,x1304,n0,s4,b0,x1304c7s4b0n0,c7,11.734,6,x1304c7s4b0n0,Output,VoltageRegulator,6898
123,.ds-metrics-facility.telemetry-alps.voltage-2025.03.10-004433,CkCEgJUBtG21nMff3QmS,1.0,"['vcluster_from_cache', 'nid_from_cache']",daint,1,CrayTelemetry.Voltage,2025-03-10T13:57:04.612Z,alps.voltage,metrics,facility.telemetry,nC,cray-telemetry-voltage-split,logstash-facility-telemetry-alps,11,2025-03-10T14:17:20.779Z,123547403327,2025-03-10T14:45:22.459109267Z,Chassis,2025-03-10 13:57:04.612932213,x1304,n0,s4,b0,x1304c7s4b0n0,c7,379.6,0,x1304c7s4b0n0,Input,VoltageRegulator,6898
124,.ds-metrics-facility.telemetry-alps.voltage-2025.03.10-004433,C0CEgJUBtG21nMff3QmS,1.0,"['vcluster_from_cache', 'nid_from_cache']",daint,1,CrayTelemetry.Voltage,2025-03-10T13:57:04.991Z,alps.voltage,metrics,facility.telemetry,nC,cray-telemetry-voltage-split,logstash-facility-telemetry-alps,11,2025-03-10T14:17:20.779Z,123547403328,2025-03-10T14:45:22.459119217Z,Chassis,2025-03-10 13:57:04.991343717,x1304,n0,s4,b0,x1304c7s4b0n0,c7,47.375,6,x1304c7s4b0n0,Input,VoltageRegulator,6898
125,.ds-metrics-facility.telemetry-alps.voltage-2025.03.10-004433,DECEgJUBtG21nMff3QmS,1.0,"['vcluster_from_cache', 'nid_from_cache']",daint,1,CrayTelemetry.Voltage,2025-03-10T13:57:05.057Z,alps.voltage,metrics,facility.telemetry,nC,cray-telemetry-voltage-split,logstash-facility-telemetry-alps,11,2025-03-10T14:17:20.779Z,123547403329,2025-03-10T14:45:22.459129227Z,Chassis,2025-03-10 13:57:05.057860795,x1304,n0,s4,b0,x1304c7s4b0n0,c7,11.836,6,x1304c7s4b0n0,Output,VoltageRegulator,6898
126,.ds-metrics-facility.telemetry-alps.voltage-2025.03.10-004433,DkCEgJUBtG21nMff3QmS,1.0,"['vcluster_from_cache', 'nid_from_cache']",daint,1,CrayTelemetry.Voltage,2025-03-10T13:57:05.719Z,alps.voltage,metrics,facility.telemetry,nC,cray-telemetry-voltage-split,logstash-facility-telemetry-alps,11,2025-03-10T14:17:20.779Z,123547403331,2025-03-10T14:45:22.459149207Z,Chassis,2025-03-10 13:57:05.719427519,x1304,n0,s4,b0,x1304c7s4b0n0,c7,380.8,0,x1304c7s4b0n0,Input,VoltageRegulator,6898
127,.ds-metrics-facility.telemetry-alps.voltage-2025.03.10-004433,D0CEgJUBtG21nMff3QmS,1.0,"['vcluster_from_cache', 'nid_from_cache']",daint,1,CrayTelemetry.Voltage,2025-03-10T13:57:06.099Z,alps.voltage,metrics,facility.telemetry,nC,cray-telemetry-voltage-split,logstash-facility-telemetry-alps,11,2025-03-10T14:17:20.779Z,123547403332,2025-03-10T14:45:22.459159157Z,Chassis,2025-03-10 13:57:06.099520219,x1304,n0,s4,b0,x1304c7s4b0n0,c7,47.125,6,x1304c7s4b0n0,Input,VoltageRegulator,6898
128,.ds-metrics-facility.telemetry-alps.voltage-2025.03.10-004433,EECEgJUBtG21nMff3QmS,1.0,"['vcluster_from_cache', 'nid_from_cache']",daint,1,CrayTelemetry.Voltage,2025-03-10T13:57:06.169Z,alps.voltage,metrics,facility.telemetry,nC,cray-telemetry-voltage-split,logstash-facility-telemetry-alps,11,2025-03-10T14:17:20.779Z,123547403333,2025-03-10T14:45:22.459169167Z,Chassis,2025-03-10 13:57:06.169283455,x1304,n0,s4,b0,x1304c7s4b0n0,c7,11.77,6,x1304c7s4b0n0,Output,VoltageRegulator,6898
129,.ds-metrics-facility.telemetry-alps.voltage-2025.03.10-004433,EkCEgJUBtG21nMff3QmS,1.0,"['vcluster_from_cache', 'nid_from_cache']",daint,1,CrayTelemetry.Voltage,2025-03-10T13:57:06.832Z,alps.voltage,metrics,facility.telemetry,nC,cray-telemetry-voltage-split,logstash-facility-telemetry-alps,11,2025-03-10T14:17:20.779Z,123547403335,2025-03-10T14:45:22.459189337Z,Chassis,2025-03-10 13:57:06.832450739,x1304,n0,s4,b0,x1304c7s4b0n0,c7,382.7,0,x1304c7s4b0n0,Input,VoltageRegulator,6898
130,.ds-metrics-facility.telemetry-alps.voltage-2025.03.10-004433,E0CEgJUBtG21nMff3QmS,1.0,"['vcluster_from_cache', 'nid_from_cache']",daint,1,CrayTelemetry.Voltage,2025-03-10T13:57:07.210Z,alps.voltage,metrics,facility.telemetry,nC,cray-telemetry-voltage-split,logstash-facility-telemetry-alps,11,2025-03-10T14:17:20.779Z,123547403336,2025-03-10T14:45:22.459199377Z,Chassis,2025-03-10 13:57:07.210514180,x1304,n0,s4,b0,x1304c7s4b0n0,c7,47.125,6,x1304c7s4b0n0,Input,VoltageRegulator,6898
131,.ds-metrics-facility.telemetry-alps.voltage-2025.03.10-004433,FUCEgJUBtG21nMff3QmS,1.0,"['vcluster_from_cache', 'nid_from_cache']",daint,1,CrayTelemetry.Voltage,2025-03-10T13:57:07.703Z,alps.voltage,metrics,facility.telemetry,nC,cray-telemetry-voltage-split,logstash-facility-telemetry-alps,11,2025-03-10T14:17:20.779Z,123547403338,2025-03-10T14:45:22.459219977Z,Chassis,2025-03-10 13:57:07.703666594,x1304,n0,s4,b0,x1304c7s4b0n0,c7,47.48,0,x1304c7s4b0n0,Output,VoltageRegulator,6898
132,.ds-metrics-facility.telemetry-alps.voltage-2025.03.10-004433,FkCEgJUBtG21nMff3QmS,1.0,"['vcluster_from_cache', 'nid_from_cache']",daint,1,CrayTelemetry.Voltage,2025-03-10T13:57:07.925Z,alps.voltage,metrics,facility.telemetry,nC,cray-telemetry-voltage-split,logstash-facility-telemetry-alps,11,2025-03-10T14:17:20.779Z,123547403339,2025-03-10T14:45:22.459229897Z,Chassis,2025-03-10 13:57:07.925269208,x1304,n0,s4,b0,x1304c7s4b0n0,c7,382.0,0,x1304c7s4b0n0,Input,VoltageRegulator,6898
133,.ds-metrics-facility.telemetry-alps.voltage-2025.03.10-004433,F0CEgJUBtG21nMff3QmS,1.0,"['vcluster_from_cache', 'nid_from_cache']",daint,1,CrayTelemetry.Voltage,2025-03-10T13:57:08.313Z,alps.voltage,metrics,facility.telemetry,nC,cray-telemetry-voltage-split,logstash-facility-telemetry-alps,11,2025-03-10T14:17:20.779Z,123547403340,2025-03-10T14:45:22.459240227Z,Chassis,2025-03-10 13:57:08.313869403,x1304,n0,s4,b0,x1304c7s4b0n0,c7,47.062,6,x1304c7s4b0n0,Input,VoltageRegulator,6898
134,.ds-metrics-facility.telemetry-alps.voltage-2025.03.10-004433,9gWIgJUBU3pbgRmD-c_P,1.0,"['vcluster_from_cache', 'nid_from_cache']",daint,1,CrayTelemetry.Voltage,2025-03-10T13:55:50.981Z,alps.voltage,metrics,facility.telemetry,nC,cray-telemetry-voltage-split,logstash-facility-telemetry-alps,3,2025-03-10T14:15:14.295Z,241930140811,2025-03-10T14:49:38.412147962Z,Chassis,2025-03-10 13:55:50.981814281,x1304,n0,s4,b0,x1304c7s4b0n0,c7,382.5,0,x1304c7s4b0n0,Input,VoltageRegulator,6898
135,.ds-metrics-facility.telemetry-alps.voltage-2025.03.10-004433,9wWIgJUBU3pbgRmD-c_P,1.0,"['vcluster_from_cache', 'nid_from_cache']",daint,1,CrayTelemetry.Voltage,2025-03-10T13:55:51.382Z,alps.voltage,metrics,facility.telemetry,nC,cray-telemetry-voltage-split,logstash-facility-telemetry-alps,3,2025-03-10T14:15:14.295Z,241930140812,2025-03-10T14:49:38.412158712Z,Chassis,2025-03-10 13:55:51.382387798,x1304,n0,s4,b0,x1304c7s4b0n0,c7,47.188,6,x1304c7s4b0n0,Input,VoltageRegulator,6898
136,.ds-metrics-facility.telemetry-alps.voltage-2025.03.10-004433,-AWIgJUBU3pbgRmD-c_P,1.0,"['vcluster_from_cache', 'nid_from_cache']",daint,1,CrayTelemetry.Voltage,2025-03-10T13:55:51.498Z,alps.voltage,metrics,facility.telemetry,nC,cray-telemetry-voltage-split,logstash-facility-telemetry-alps,3,2025-03-10T14:15:14.295Z,241930140813,2025-03-10T14:49:38.412169942Z,Chassis,2025-03-10 13:55:51.498058982,x1304,n0,s4,b0,x1304c7s4b0n0,c7,11.77,6,x1304c7s4b0n0,Output,VoltageRegulator,6898
137,.ds-metrics-facility.telemetry-alps.voltage-2025.03.10-004433,-wWIgJUBU3pbgRmD-c_P,1.0,"['vcluster_from_cache', 'nid_from_cache']",daint,1,CrayTelemetry.Voltage,2025-03-10T13:55:50.716Z,alps.voltage,metrics,facility.telemetry,nC,cray-telemetry-voltage-split,logstash-facility-telemetry-alps,3,2025-03-10T14:15:14.295Z,241930140816,2025-03-10T14:49:38.412202302Z,Chassis,2025-03-10 13:55:50.716771037,x1304,n0,s4,b0,x1304c7s4b0n0,c7,47.368,1,x1304c7s4b0n0,Input,VoltageRegulator,6898
138,.ds-metrics-facility.telemetry-alps.voltage-2025.03.10-004433,_gWIgJUBU3pbgRmD-c_P,1.0,"['vcluster_from_cache', 'nid_from_cache']",daint,1,CrayTelemetry.Voltage,2025-03-10T13:55:50.998Z,alps.voltage,metrics,facility.telemetry,nC,cray-telemetry-voltage-split,logstash-facility-telemetry-alps,3,2025-03-10T14:15:14.295Z,241930140819,2025-03-10T14:49:38.412233472Z,Chassis,2025-03-10 13:55:50.998498648,x1304,n0,s4,b0,x1304c7s4b0n0,c7,47.261,2,x1304c7s4b0n0,Output,VoltageRegulator,6898
139,.ds-metrics-facility.telemetry-alps.voltage-2025.03.10-004433,-QWIgJUBU3pbgRmD-c_P,1.0,"['vcluster_from_cache', 'nid_from_cache']",daint,1,CrayTelemetry.Voltage,2025-03-10T13:55:50.585Z,alps.voltage,metrics,facility.telemetry,nC,cray-telemetry-voltage-split,logstash-facility-telemetry-alps,3,2025-03-10T14:15:14.295Z,241930140814,2025-03-10T14:49:38.412180702Z,Chassis,2025-03-10 13:55:50.585314081,x1304,n0,s4,b0,x1304c7s4b0n0,c7,47.067,5,x1304c7s4b0n0,Input,VoltageRegulator,6898
140,.ds-metrics-facility.telemetry-alps.voltage-2025.03.10-004433,-gWIgJUBU3pbgRmD-c_P,1.0,"['vcluster_from_cache', 'nid_from_cache']",daint,1,CrayTelemetry.Voltage,2025-03-10T13:55:50.595Z,alps.voltage,metrics,facility.telemetry,nC,cray-telemetry-voltage-split,logstash-facility-telemetry-alps,3,2025-03-10T14:15:14.295Z,241930140815,2025-03-10T14:49:38.412191502Z,Chassis,2025-03-10 13:55:50.595571569,x1304,n0,s4,b0,x1304c7s4b0n0,c7,47.132,5,x1304c7s4b0n0,Output,VoltageRegulator,6898
141,.ds-metrics-facility.telemetry-alps.voltage-2025.03.10-004433,_AWIgJUBU3pbgRmD-c_P,1.0,"['vcluster_from_cache', 'nid_from_cache']",daint,1,CrayTelemetry.Voltage,2025-03-10T13:55:50.837Z,alps.voltage,metrics,facility.telemetry,nC,cray-telemetry-voltage-split,logstash-facility-telemetry-alps,3,2025-03-10T14:15:14.295Z,241930140817,2025-03-10T14:49:38.412212952Z,Chassis,2025-03-10 13:55:50.837975464,x1304,n0,s4,b0,x1304c7s4b0n0,c7,47.325,1,x1304c7s4b0n0,Output,VoltageRegulator,6898
142,.ds-metrics-facility.telemetry-alps.voltage-2025.03.10-004433,_QWIgJUBU3pbgRmD-c_P,1.0,"['vcluster_from_cache', 'nid_from_cache']",daint,1,CrayTelemetry.Voltage,2025-03-10T13:55:50.993Z,alps.voltage,metrics,facility.telemetry,nC,cray-telemetry-voltage-split,logstash-facility-telemetry-alps,3,2025-03-10T14:15:14.295Z,241930140818,2025-03-10T14:49:38.412223212Z,Chassis,2025-03-10 13:55:50.993353385,x1304,n0,s4,b0,x1304c7s4b0n0,c7,47.261,2,x1304c7s4b0n0,Input,VoltageRegulator,6898
143,.ds-metrics-facility.telemetry-alps.voltage-2025.03.10-004433,_wWIgJUBU3pbgRmD-c_P,1.0,"['vcluster_from_cache', 'nid_from_cache']",daint,1,CrayTelemetry.Voltage,2025-03-10T13:55:51.286Z,alps.voltage,metrics,facility.telemetry,nC,cray-telemetry-voltage-split,logstash-facility-telemetry-alps,3,2025-03-10T14:15:14.295Z,241930140820,2025-03-10T14:49:38.412244622Z,Chassis,2025-03-10 13:55:51.286028370,x1304,n0,s4,b0,x1304c7s4b0n0,c7,47.067,3,x1304c7s4b0n0,Input,VoltageRegulator,6898
144,.ds-metrics-facility.telemetry-alps.voltage-2025.03.10-004433,AAWIgJUBU3pbgRmD-dDP,1.0,"['vcluster_from_cache', 'nid_from_cache']",daint,1,CrayTelemetry.Voltage,2025-03-10T13:55:51.293Z,alps.voltage,metrics,facility.telemetry,nC,cray-telemetry-voltage-split,logstash-facility-telemetry-alps,3,2025-03-10T14:15:14.295Z,241930140821,2025-03-10T14:49:38.412254972Z,Chassis,2025-03-10 13:55:51.293699747,x1304,n0,s4,b0,x1304c7s4b0n0,c7,47.11,3,x1304c7s4b0n0,Output,VoltageRegulator,6898
145,.ds-metrics-facility.telemetry-alps.voltage-2025.03.10-004433,AQWIgJUBU3pbgRmD-dDP,1.0,"['vcluster_from_cache', 'nid_from_cache']",daint,1,CrayTelemetry.Voltage,2025-03-10T13:55:51.398Z,alps.voltage,metrics,facility.telemetry,nC,cray-telemetry-voltage-split,logstash-facility-telemetry-alps,3,2025-03-10T14:15:14.295Z,241930140822,2025-03-10T14:49:38.412266472Z,Chassis,2025-03-10 13:55:51.398028537,x1304,n0,s4,b0,x1304c7s4b0n0,c7,47.132,4,x1304c7s4b0n0,Input,VoltageRegulator,6898
146,.ds-metrics-facility.telemetry-alps.voltage-2025.03.10-004433,HOiJgJUBRYuVujPl9vS1,1.0,"['vcluster_from_cache', 'nid_from_cache']",daint,1,CrayTelemetry.Voltage,2025-03-10T13:59:54.585Z,alps.voltage,metrics,facility.telemetry,nC,cray-telemetry-voltage-split,logstash-facility-telemetry-alps,11,2025-03-10T14:19:29.435Z,123548316367,2025-03-10T14:50:45.984884165Z,Chassis,2025-03-10 13:59:54.585147509,x1304,n0,s4,b0,x1304c7s4b0n0,c7,47.19,0,x1304c7s4b0n0,Output,VoltageRegulator,6898
147,.ds-metrics-facility.telemetry-alps.voltage-2025.03.10-004433,HeiJgJUBRYuVujPl9vS1,1.0,"['vcluster_from_cache', 'nid_from_cache']",daint,1,CrayTelemetry.Voltage,2025-03-10T13:59:54.809Z,alps.voltage,metrics,facility.telemetry,nC,cray-telemetry-voltage-split,logstash-facility-telemetry-alps,11,2025-03-10T14:19:29.435Z,123548316368,2025-03-10T14:50:45.984894575Z,Chassis,2025-03-10 13:59:54.809433225,x1304,n0,s4,b0,x1304c7s4b0n0,c7,379.6,0,x1304c7s4b0n0,Input,VoltageRegulator,6898
148,.ds-metrics-facility.telemetry-alps.voltage-2025.03.10-004433,HuiJgJUBRYuVujPl9vS1,1.0,"['vcluster_from_cache', 'nid_from_cache']",daint,1,CrayTelemetry.Voltage,2025-03-10T13:59:55.226Z,alps.voltage,metrics,facility.telemetry,nC,cray-telemetry-voltage-split,logstash-facility-telemetry-alps,11,2025-03-10T14:19:29.435Z,123548316369,2025-03-10T14:50:45.984904925Z,Chassis,2025-03-10 13:59:55.226225439,x1304,n0,s4,b0,x1304c7s4b0n0,c7,47.125,6,x1304c7s4b0n0,Input,VoltageRegulator,6898
149,.ds-metrics-facility.telemetry-alps.voltage-2025.03.10-004433,H-iJgJUBRYuVujPl9vS1,1.0,"['vcluster_from_cache', 'nid_from_cache']",daint,1,CrayTelemetry.Voltage,2025-03-10T13:59:55.296Z,alps.voltage,metrics,facility.telemetry,nC,cray-telemetry-voltage-split,logstash-facility-telemetry-alps,11,2025-03-10T14:19:29.435Z,123548316370,2025-03-10T14:50:45.984915525Z,Chassis,2025-03-10 13:59:55.296517780,x1304,n0,s4,b0,x1304c7s4b0n0,c7,11.773,6,x1304c7s4b0n0,Output,VoltageRegulator,6898
150,.ds-metrics-facility.telemetry-alps.voltage-2025.03.10-004433,IOiJgJUBRYuVujPl9vS1,1.0,"['vcluster_from_cache', 'nid_from_cache']",daint,1,CrayTelemetry.Voltage,2025-03-10T13:59:55.684Z,alps.voltage,metrics,facility.telemetry,nC,cray-telemetry-voltage-split,logstash-facility-telemetry-alps,11,2025-03-10T14:19:29.435Z,123548316371,2025-03-10T14:50:45.984925335Z,Chassis,2025-03-10 13:59:55.684954845,x1304,n0,s4,b0,x1304c7s4b0n0,c7,47.26,0,x1304c7s4b0n0,Output,VoltageRegulator,6898
151,.ds-metrics-facility.telemetry-alps.voltage-2025.03.10-004433,IeiJgJUBRYuVujPl9vS1,1.0,"['vcluster_from_cache', 'nid_from_cache']",daint,1,CrayTelemetry.Voltage,2025-03-10T13:59:55.910Z,alps.voltage,metrics,facility.telemetry,nC,cray-telemetry-voltage-split,logstash-facility-telemetry-alps,11,2025-03-10T14:19:29.435Z,123548316372,2025-03-10T14:50:45.984935345Z,Chassis,2025-03-10 13:59:55.910243951,x1304,n0,s4,b0,x1304c7s4b0n0,c7,381.4,0,x1304c7s4b0n0,Input,VoltageRegulator,6898
152,.ds-metrics-facility.telemetry-alps.voltage-2025.03.10-004433,IuiJgJUBRYuVujPl9vS1,1.0,"['vcluster_from_cache', 'nid_from_cache']",daint,1,CrayTelemetry.Voltage,2025-03-10T13:59:56.317Z,alps.voltage,metrics,facility.telemetry,nC,cray-telemetry-voltage-split,logstash-facility-telemetry-alps,11,2025-03-10T14:19:29.435Z,123548316373,2025-03-10T14:50:45.984945935Z,Chassis,2025-03-10 13:59:56.317728788,x1304,n0,s4,b0,x1304c7s4b0n0,c7,47.125,6,x1304c7s4b0n0,Input,VoltageRegulator,6898
153,.ds-metrics-facility.telemetry-alps.voltage-2025.03.10-004433,I-iJgJUBRYuVujPl9vS1,1.0,"['vcluster_from_cache', 'nid_from_cache']",daint,1,CrayTelemetry.Voltage,2025-03-10T13:59:56.390Z,alps.voltage,metrics,facility.telemetry,nC,cray-telemetry-voltage-split,logstash-facility-telemetry-alps,11,2025-03-10T14:19:29.435Z,123548316374,2025-03-10T14:50:45.984956185Z,Chassis,2025-03-10 13:59:56.390490847,x1304,n0,s4,b0,x1304c7s4b0n0,c7,11.688,6,x1304c7s4b0n0,Output,VoltageRegulator,6898
154,.ds-metrics-facility.telemetry-alps.voltage-2025.03.10-004433,JOiJgJUBRYuVujPl9vS1,1.0,"['vcluster_from_cache', 'nid_from_cache']",daint,1,CrayTelemetry.Voltage,2025-03-10T13:59:56.775Z,alps.voltage,metrics,facility.telemetry,nC,cray-telemetry-voltage-split,logstash-facility-telemetry-alps,11,2025-03-10T14:19:29.435Z,123548316375,2025-03-10T14:50:45.984966535Z,Chassis,2025-03-10 13:59:56.775548480,x1304,n0,s4,b0,x1304c7s4b0n0,c7,47.41,0,x1304c7s4b0n0,Output,VoltageRegulator,6898
155,.ds-metrics-facility.telemetry-alps.voltage-2025.03.10-004433,JeiJgJUBRYuVujPl9vS1,1.0,"['vcluster_from_cache', 'nid_from_cache']",daint,1,CrayTelemetry.Voltage,2025-03-10T13:59:56.999Z,alps.voltage,metrics,facility.telemetry,nC,cray-telemetry-voltage-split,logstash-facility-telemetry-alps,11,2025-03-10T14:19:29.435Z,123548316376,2025-03-10T14:50:45.984976895Z,Chassis,2025-03-10 13:59:56.999947070,x1304,n0,s4,b0,x1304c7s4b0n0,c7,382.0,0,x1304c7s4b0n0,Input,VoltageRegulator,6898
156,.ds-metrics-facility.telemetry-alps.voltage-2025.03.10-004433,Z8SMgJUBBO-jcq8RuquH,1.0,"['vcluster_from_cache', 'nid_from_cache']",daint,1,CrayTelemetry.Voltage,2025-03-10T13:56:03.087Z,alps.voltage,metrics,facility.telemetry,nC,cray-telemetry-voltage-split,logstash-facility-telemetry-alps,3,2025-03-10T14:15:39.734Z,241930326501,2025-03-10T14:53:58.325172Z,Chassis,2025-03-10 13:56:03.087502166,x1304,n0,s4,b0,x1304c7s4b0n0,c7,47.19,0,x1304c7s4b0n0,Output,VoltageRegulator,6898
157,.ds-metrics-facility.telemetry-alps.voltage-2025.03.10-004433,aMSMgJUBBO-jcq8RuquH,1.0,"['vcluster_from_cache', 'nid_from_cache']",daint,1,CrayTelemetry.Voltage,2025-03-10T13:56:03.354Z,alps.voltage,metrics,facility.telemetry,nC,cray-telemetry-voltage-split,logstash-facility-telemetry-alps,3,2025-03-10T14:15:39.734Z,241930326502,2025-03-10T14:53:58.325182180Z,Chassis,2025-03-10 13:56:03.354831057,x1304,n0,s4,b0,x1304c7s4b0n0,c7,382.5,0,x1304c7s4b0n0,Input,VoltageRegulator,6898
158,.ds-metrics-facility.telemetry-alps.voltage-2025.03.10-004433,acSMgJUBBO-jcq8RuquH,1.0,"['vcluster_from_cache', 'nid_from_cache']",daint,1,CrayTelemetry.Voltage,2025-03-10T13:56:03.730Z,alps.voltage,metrics,facility.telemetry,nC,cray-telemetry-voltage-split,logstash-facility-telemetry-alps,3,2025-03-10T14:15:39.734Z,241930326503,2025-03-10T14:53:58.325192460Z,Chassis,2025-03-10 13:56:03.730439980,x1304,n0,s4,b0,x1304c7s4b0n0,c7,47.25,6,x1304c7s4b0n0,Input,VoltageRegulator,6898
159,.ds-metrics-facility.telemetry-alps.voltage-2025.03.10-004433,asSMgJUBBO-jcq8RuquH,1.0,"['vcluster_from_cache', 'nid_from_cache']",daint,1,CrayTelemetry.Voltage,2025-03-10T13:56:03.795Z,alps.voltage,metrics,facility.telemetry,nC,cray-telemetry-voltage-split,logstash-facility-telemetry-alps,3,2025-03-10T14:15:39.734Z,241930326504,2025-03-10T14:53:58.325202970Z,Chassis,2025-03-10 13:56:03.795855514,x1304,n0,s4,b0,x1304c7s4b0n0,c7,11.746,6,x1304c7s4b0n0,Output,VoltageRegulator,6898
160,.ds-metrics-facility.telemetry-alps.voltage-2025.03.10-004433,a8SMgJUBBO-jcq8RuquH,1.0,"['vcluster_from_cache', 'nid_from_cache']",daint,1,CrayTelemetry.Voltage,2025-03-10T13:56:04.182Z,alps.voltage,metrics,facility.telemetry,nC,cray-telemetry-voltage-split,logstash-facility-telemetry-alps,3,2025-03-10T14:15:39.734Z,241930326505,2025-03-10T14:53:58.325213689Z,Chassis,2025-03-10 13:56:04.182395971,x1304,n0,s4,b0,x1304c7s4b0n0,c7,46.82,0,x1304c7s4b0n0,Output,VoltageRegulator,6898
161,.ds-metrics-facility.telemetry-alps.voltage-2025.03.10-004433,bMSMgJUBBO-jcq8RuquH,1.0,"['vcluster_from_cache', 'nid_from_cache']",daint,1,CrayTelemetry.Voltage,2025-03-10T13:56:04.475Z,alps.voltage,metrics,facility.telemetry,nC,cray-telemetry-voltage-split,logstash-facility-telemetry-alps,3,2025-03-10T14:15:39.734Z,241930326506,2025-03-10T14:53:58.325223899Z,Chassis,2025-03-10 13:56:04.475283505,x1304,n0,s4,b0,x1304c7s4b0n0,c7,380.2,0,x1304c7s4b0n0,Input,VoltageRegulator,6898
162,.ds-metrics-facility.telemetry-alps.voltage-2025.03.10-004433,bcSMgJUBBO-jcq8RuquH,1.0,"['vcluster_from_cache', 'nid_from_cache']",daint,1,CrayTelemetry.Voltage,2025-03-10T13:56:04.841Z,alps.voltage,metrics,facility.telemetry,nC,cray-telemetry-voltage-split,logstash-facility-telemetry-alps,3,2025-03-10T14:15:39.734Z,241930326507,2025-03-10T14:53:58.325234369Z,Chassis,2025-03-10 13:56:04.841638731,x1304,n0,s4,b0,x1304c7s4b0n0,c7,47.125,6,x1304c7s4b0n0,Input,VoltageRegulator,6898
163,.ds-metrics-facility.telemetry-alps.voltage-2025.03.10-004433,bsSMgJUBBO-jcq8RuquH,1.0,"['vcluster_from_cache', 'nid_from_cache']",daint,1,CrayTelemetry.Voltage,2025-03-10T13:56:04.906Z,alps.voltage,metrics,facility.telemetry,nC,cray-telemetry-voltage-split,logstash-facility-telemetry-alps,3,2025-03-10T14:15:39.734Z,241930326508,2025-03-10T14:53:58.325244949Z,Chassis,2025-03-10 13:56:04.906042395,x1304,n0,s4,b0,x1304c7s4b0n0,c7,11.816,6,x1304c7s4b0n0,Output,VoltageRegulator,6898
164,.ds-metrics-facility.telemetry-alps.voltage-2025.03.10-004433,b8SMgJUBBO-jcq8RuquH,1.0,"['vcluster_from_cache', 'nid_from_cache']",daint,1,CrayTelemetry.Voltage,2025-03-10T13:56:05.294Z,alps.voltage,metrics,facility.telemetry,nC,cray-telemetry-voltage-split,logstash-facility-telemetry-alps,3,2025-03-10T14:15:39.734Z,241930326509,2025-03-10T14:53:58.325255289Z,Chassis,2025-03-10 13:56:05.294063338,x1304,n0,s4,b0,x1304c7s4b0n0,c7,47.26,0,x1304c7s4b0n0,Output,VoltageRegulator,6898
165,.ds-metrics-facility.telemetry-alps.voltage-2025.03.10-004433,cMSMgJUBBO-jcq8RuquH,1.0,"['vcluster_from_cache', 'nid_from_cache']",daint,1,CrayTelemetry.Voltage,2025-03-10T13:56:05.585Z,alps.voltage,metrics,facility.telemetry,nC,cray-telemetry-voltage-split,logstash-facility-telemetry-alps,3,2025-03-10T14:15:39.734Z,241930326510,2025-03-10T14:53:58.325265799Z,Chassis,2025-03-10 13:56:05.585826049,x1304,n0,s4,b0,x1304c7s4b0n0,c7,381.3,0,x1304c7s4b0n0,Input,VoltageRegulator,6898
166,.ds-metrics-facility.telemetry-alps.voltage-2025.03.10-004433,ccSMgJUBBO-jcq8RuquH,1.0,"['vcluster_from_cache', 'nid_from_cache']",daint,1,CrayTelemetry.Voltage,2025-03-10T13:56:05.951Z,alps.voltage,metrics,facility.telemetry,nC,cray-telemetry-voltage-split,logstash-facility-telemetry-alps,3,2025-03-10T14:15:39.734Z,241930326511,2025-03-10T14:53:58.325276299Z,Chassis,2025-03-10 13:56:05.951579065,x1304,n0,s4,b0,x1304c7s4b0n0,c7,47.125,6,x1304c7s4b0n0,Input,VoltageRegulator,6898
167,.ds-metrics-facility.telemetry-alps.voltage-2025.03.10-004433,csSMgJUBBO-jcq8RuquH,1.0,"['vcluster_from_cache', 'nid_from_cache']",daint,1,CrayTelemetry.Voltage,2025-03-10T13:56:06.046Z,alps.voltage,metrics,facility.telemetry,nC,cray-telemetry-voltage-split,logstash-facility-telemetry-alps,3,2025-03-10T14:15:39.734Z,241930326512,2025-03-10T14:53:58.325286569Z,Chassis,2025-03-10 13:56:06.046985420,x1304,n0,s4,b0,x1304c7s4b0n0,c7,11.762,6,x1304c7s4b0n0,Output,VoltageRegulator,6898
168,.ds-metrics-facility.telemetry-alps.voltage-2025.03.10-004433,c8SMgJUBBO-jcq8RuquH,1.0,"['vcluster_from_cache', 'nid_from_cache']",daint,1,CrayTelemetry.Voltage,2025-03-10T13:56:06.513Z,alps.voltage,metrics,facility.telemetry,nC,cray-telemetry-voltage-split,logstash-facility-telemetry-alps,3,2025-03-10T14:15:39.734Z,241930326513,2025-03-10T14:53:58.325297119Z,Chassis,2025-03-10 13:56:06.513139342,x1304,n0,s4,b0,x1304c7s4b0n0,c7,47.19,0,x1304c7s4b0n0,Output,VoltageRegulator,6898
169,.ds-metrics-facility.telemetry-alps.voltage-2025.03.10-004433,dMSMgJUBBO-jcq8RuquH,1.0,"['vcluster_from_cache', 'nid_from_cache']",daint,1,CrayTelemetry.Voltage,2025-03-10T13:56:06.736Z,alps.voltage,metrics,facility.telemetry,nC,cray-telemetry-voltage-split,logstash-facility-telemetry-alps,3,2025-03-10T14:15:39.734Z,241930326514,2025-03-10T14:53:58.325307509Z,Chassis,2025-03-10 13:56:06.736241641,x1304,n0,s4,b0,x1304c7s4b0n0,c7,380.4,0,x1304c7s4b0n0,Input,VoltageRegulator,6898
170,.ds-metrics-facility.telemetry-alps.voltage-2025.03.10-004433,dcSMgJUBBO-jcq8RuquH,1.0,"['vcluster_from_cache', 'nid_from_cache']",daint,1,CrayTelemetry.Voltage,2025-03-10T13:56:07.110Z,alps.voltage,metrics,facility.telemetry,nC,cray-telemetry-voltage-split,logstash-facility-telemetry-alps,3,2025-03-10T14:15:39.734Z,241930326515,2025-03-10T14:53:58.325317969Z,Chassis,2025-03-10 13:56:07.110794377,x1304,n0,s4,b0,x1304c7s4b0n0,c7,47.125,6,x1304c7s4b0n0,Input,VoltageRegulator,6898
171,.ds-metrics-facility.telemetry-alps.voltage-2025.03.10-004433,dsSMgJUBBO-jcq8RuquH,1.0,"['vcluster_from_cache', 'nid_from_cache']",daint,1,CrayTelemetry.Voltage,2025-03-10T13:56:07.191Z,alps.voltage,metrics,facility.telemetry,nC,cray-telemetry-voltage-split,logstash-facility-telemetry-alps,3,2025-03-10T14:15:39.734Z,241930326516,2025-03-10T14:53:58.325328049Z,Chassis,2025-03-10 13:56:07.191488588,x1304,n0,s4,b0,x1304c7s4b0n0,c7,11.762,6,x1304c7s4b0n0,Output,VoltageRegulator,6898
172,.ds-metrics-facility.telemetry-alps.voltage-2025.03.10-004433,d8SMgJUBBO-jcq8RuquH,1.0,"['vcluster_from_cache', 'nid_from_cache']",daint,1,CrayTelemetry.Voltage,2025-03-10T13:56:07.569Z,alps.voltage,metrics,facility.telemetry,nC,cray-telemetry-voltage-split,logstash-facility-telemetry-alps,3,2025-03-10T14:15:39.734Z,241930326517,2025-03-10T14:53:58.325338299Z,Chassis,2025-03-10 13:56:07.569550829,x1304,n0,s4,b0,x1304c7s4b0n0,c7,47.48,0,x1304c7s4b0n0,Output,VoltageRegulator,6898
173,.ds-metrics-facility.telemetry-alps.voltage-2025.03.10-004433,eMSMgJUBBO-jcq8RuquH,1.0,"['vcluster_from_cache', 'nid_from_cache']",daint,1,CrayTelemetry.Voltage,2025-03-10T13:56:07.850Z,alps.voltage,metrics,facility.telemetry,nC,cray-telemetry-voltage-split,logstash-facility-telemetry-alps,3,2025-03-10T14:15:39.734Z,241930326518,2025-03-10T14:53:58.325348689Z,Chassis,2025-03-10 13:56:07.850245132,x1304,n0,s4,b0,x1304c7s4b0n0,c7,380.2,0,x1304c7s4b0n0,Input,VoltageRegulator,6898
174,.ds-metrics-facility.telemetry-alps.voltage-2025.03.10-004433,ecSMgJUBBO-jcq8RuquH,1.0,"['vcluster_from_cache', 'nid_from_cache']",daint,1,CrayTelemetry.Voltage,2025-03-10T13:56:08.264Z,alps.voltage,metrics,facility.telemetry,nC,cray-telemetry-voltage-split,logstash-facility-telemetry-alps,3,2025-03-10T14:15:39.734Z,241930326519,2025-03-10T14:53:58.325358869Z,Chassis,2025-03-10 13:56:08.264373252,x1304,n0,s4,b0,x1304c7s4b0n0,c7,46.938,6,x1304c7s4b0n0,Input,VoltageRegulator,6898
175,.ds-metrics-facility.telemetry-alps.voltage-2025.03.10-004433,esSMgJUBBO-jcq8RuquH,1.0,"['vcluster_from_cache', 'nid_from_cache']",daint,1,CrayTelemetry.Voltage,2025-03-10T13:56:08.350Z,alps.voltage,metrics,facility.telemetry,nC,cray-telemetry-voltage-split,logstash-facility-telemetry-alps,3,2025-03-10T14:15:39.734Z,241930326520,2025-03-10T14:53:58.325369109Z,Chassis,2025-03-10 13:56:08.350153928,x1304,n0,s4,b0,x1304c7s4b0n0,c7,11.762,6,x1304c7s4b0n0,Output,VoltageRegulator,6898
176,.ds-metrics-facility.telemetry-alps.voltage-2025.03.10-004433,QEeNgJUBL2TeOHMABwno,1.0,"['vcluster_from_cache', 'nid_from_cache']",daint,1,CrayTelemetry.Voltage,2025-03-10T13:56:08.767Z,alps.voltage,metrics,facility.telemetry,nC,cray-telemetry-voltage-split,logstash-facility-telemetry-alps,3,2025-03-10T14:15:46.971Z,241930383166,2025-03-10T14:54:03.874725964Z,Chassis,2025-03-10 13:56:08.767232381,x1304,n0,s4,b0,x1304c7s4b0n0,c7,47.26,0,x1304c7s4b0n0,Output,VoltageRegulator,6898
177,.ds-metrics-facility.telemetry-alps.voltage-2025.03.10-004433,QUeNgJUBL2TeOHMABwno,1.0,"['vcluster_from_cache', 'nid_from_cache']",daint,1,CrayTelemetry.Voltage,2025-03-10T13:56:09.019Z,alps.voltage,metrics,facility.telemetry,nC,cray-telemetry-voltage-split,logstash-facility-telemetry-alps,3,2025-03-10T14:15:46.971Z,241930383167,2025-03-10T14:54:03.874736694Z,Chassis,2025-03-10 13:56:09.019236997,x1304,n0,s4,b0,x1304c7s4b0n0,c7,382.5,0,x1304c7s4b0n0,Input,VoltageRegulator,6898
178,.ds-metrics-facility.telemetry-alps.voltage-2025.03.10-004433,QkeNgJUBL2TeOHMABwno,1.0,"['vcluster_from_cache', 'nid_from_cache']",daint,1,CrayTelemetry.Voltage,2025-03-10T13:56:09.429Z,alps.voltage,metrics,facility.telemetry,nC,cray-telemetry-voltage-split,logstash-facility-telemetry-alps,3,2025-03-10T14:15:46.971Z,241930383168,2025-03-10T14:54:03.874747123Z,Chassis,2025-03-10 13:56:09.429823533,x1304,n0,s4,b0,x1304c7s4b0n0,c7,47.0,6,x1304c7s4b0n0,Input,VoltageRegulator,6898
179,.ds-metrics-facility.telemetry-alps.voltage-2025.03.10-004433,Q0eNgJUBL2TeOHMABwno,1.0,"['vcluster_from_cache', 'nid_from_cache']",daint,1,CrayTelemetry.Voltage,2025-03-10T13:56:09.521Z,alps.voltage,metrics,facility.telemetry,nC,cray-telemetry-voltage-split,logstash-facility-telemetry-alps,3,2025-03-10T14:15:46.971Z,241930383169,2025-03-10T14:54:03.874757793Z,Chassis,2025-03-10 13:56:09.521080576,x1304,n0,s4,b0,x1304c7s4b0n0,c7,11.828,6,x1304c7s4b0n0,Output,VoltageRegulator,6898
180,.ds-metrics-facility.telemetry-alps.voltage-2025.03.10-004433,REeNgJUBL2TeOHMABwno,1.0,"['vcluster_from_cache', 'nid_from_cache']",daint,1,CrayTelemetry.Voltage,2025-03-10T13:56:09.912Z,alps.voltage,metrics,facility.telemetry,nC,cray-telemetry-voltage-split,logstash-facility-telemetry-alps,3,2025-03-10T14:15:46.971Z,241930383170,2025-03-10T14:54:03.874768343Z,Chassis,2025-03-10 13:56:09.912776777,x1304,n0,s4,b0,x1304c7s4b0n0,c7,47.26,0,x1304c7s4b0n0,Output,VoltageRegulator,6898
181,.ds-metrics-facility.telemetry-alps.voltage-2025.03.10-004433,RUeNgJUBL2TeOHMABwno,1.0,"['vcluster_from_cache', 'nid_from_cache']",daint,1,CrayTelemetry.Voltage,2025-03-10T13:56:10.182Z,alps.voltage,metrics,facility.telemetry,nC,cray-telemetry-voltage-split,logstash-facility-telemetry-alps,3,2025-03-10T14:15:46.971Z,241930383171,2025-03-10T14:54:03.874779103Z,Chassis,2025-03-10 13:56:10.182943045,x1304,n0,s4,b0,x1304c7s4b0n0,c7,380.2,0,x1304c7s4b0n0,Input,VoltageRegulator,6898
